ranking,district,state,population,growth,sex_ratio,literacy,health_centres,population_per_health_centre,healthcare_density,healthcare_rank,electricity,clean_fuel,health_insurance,female_literacy,antenatal_care,institutional_birth,vaccination,stunted,underweight,anaemia
1,THANE,MAHARASHTRA,11060148.0,36.01 %,886,84.53,336.0,32917.107142857145,Poor,134.0,99.29,90.4,22.73,90.49,70.19,93.62,-74.9,40.76,30.81,58.82
2,NORTH TWENTY FOUR PARGANAS,WEST BENGAL,10009781.0,12.04 %,955,84.06,870.0,11505.495402298851,Average,7.0,98.5,48.04,34.6,75.73,60.25,92.16,,32.31,29.12,56.94
3,BANGALORE,KARNATAKA,9621551.0,47.18 %,916,87.67,0.0,9621551.0,Critical,361.0,98.78,97.2,28.83,87.27,74.6,99.34,-78.16,31.26,28.09,35.54
4,PUNE,MAHARASHTRA,9429408.0,30.37 %,915,86.15,773.0,12198.457956015523,Average,16.0,99.37,89.49,14.42,89.01,68.59,97.97,-58.08,30.7,32.66,51.93
5,MUMBAI SUBURBAN,MAHARASHTRA,9356962.0,8.29 %,860,89.91,0.0,9356962.0,Critical,361.0,99.17,98.68,20.19,91.58,72.2,98.08,*,37.23,24.59,49.97
6,SOUTH TWENTY FOUR PARGANAS,WEST BENGAL,8161961.0,18.17 %,956,77.51,1166.0,6999.966552315609,Good,1.0,98.5,48.04,34.6,75.73,60.25,92.16,,32.31,29.12,56.94
7,BARDDHAMAN,WEST BENGAL,7717563.0,11.92 %,945,76.21,902.0,8556.056541019956,Good,6.0,98.5,48.04,34.6,75.73,60.25,92.16,,32.31,29.12,56.94
8,AHMADABAD,GUJARAT,7214225.0,24.03 %,904,85.31,0.0,7214225.0,Critical,361.0,99.49,89.72,36.23,81.47,77.76,94.45,-65.23,35.45,33.97,63.7
9,MURSHIDABAD,WEST BENGAL,7103807.0,21.09 %,958,66.59,906.0,7840.846578366446,Good,5.0,96.66,30.71,28.39,67.55,66.85,86.99,89.95,39.75,32.43,77.57
10,JAIPUR,RAJASTHAN,6626178.0,26.19 %,910,75.51,826.0,8022.007263922518,Good,11.0,99.53,60.05,81.53,73.75,53.5,97.33,89.26,25.0,20.75,54.14
11,NASHIK,MAHARASHTRA,6107187.0,22.30 %,934,82.31,760.0,8035.772368421052,Good,20.0,95.3,72.5,14.73,79.99,66.41,90.49,70.37,42.21,44.84,56.19
12,SURAT,GUJARAT,6081322.0,42.24 %,787,85.53,464.0,13106.297413793103,Average,69.0,99.34,88.56,31.55,84.18,93.4,97.69,-92.81,36.05,32.45,68.96
13,ALLAHABAD,UTTAR PRADESH,5954391.0,20.63 %,901,72.32,667.0,8927.122938530734,Good,28.0,94.97,45.05,20.55,70.84,45.88,83.19,55.84,37.87,32.63,46.38
14,PASCHIM MEDINIPUR,WEST BENGAL,5913457.0,13.86 %,966,78.0,976.0,6058.86987704918,Good,3.0,95.41,17.46,25.75,70.85,63.09,87.58,76.93,31.07,39.99,81.49
15,PATNA,BIHAR,5838465.0,23.73 %,897,70.68,438.0,13329.828767123288,Average,78.0,99.01,64.6,10.17,67.64,17.92,89.14,56.6,34.49,39.63,67.12
16,HUGLI,WEST BENGAL,5519145.0,9.46 %,961,81.8,763.0,7233.479685452163,Good,19.0,98.4,54.6,26.49,77.4,72.24,96.95,-95.4,28.94,33.36,75.06
17,RANGAREDDY,ANDHRA PRADESH,5296741.0,48.16 %,961,75.87,0.0,5296741.0,Critical,361.0,98.5,48.04,34.6,75.73,60.25,92.16,,32.31,29.12,56.94
18,NADIA,WEST BENGAL,5167600.0,12.22 %,947,74.97,542.0,9534.317343173432,Good,48.0,98.17,34.22,23.03,76.15,71.15,97.73,-89.88,26.07,25.14,73.35
19,EAST GODAVARI,ANDHRA PRADESH,5154296.0,5.16 %,1006,70.99,1013.0,5088.150049358342,Good,2.0,98.82,80.34,66.36,77.87,50.95,96.63,-58.95,23.11,22.35,62.96
20,PURBI CHAMPARAN,BIHAR,5099371.0,29.43 %,902,55.79,0.0,5099371.0,Critical,361.0,98.5,48.04,34.6,75.73,60.25,92.16,,32.31,29.12,56.94
21,PURBA MEDINIPUR,WEST BENGAL,5095875.0,15.36 %,938,87.02,787.0,6475.063532401525,Good,13.0,98.97,17.01,21.53,77.0,56.81,91.48,88.37,25.77,30.59,70.39
22,GUNTUR,ANDHRA PRADESH,4887813.0,9.47 %,1003,67.4,828.0,5903.155797101449,Good,10.0,99.19,91.65,71.08,68.48,62.47,98.61,-76.17,23.82,26.88,59.51
23,HAORA,WEST BENGAL,4850029.0,13.50 %,939,83.31,531.0,9133.764595103576,Good,51.0,98.97,61.91,20.07,80.48,82.71,95.54,-87.78,27.5,27.25,65.25
24,MUZAFFARPUR,BIHAR,4801062.0,28.14 %,900,63.43,286.0,16786.93006993007,Average,170.0,96.58,41.54,13.22,62.99,28.18,72.51,74.93,42.62,34.69,58.88
25,BELGAUM,KARNATAKA,4779661.0,13.41 %,973,73.48,774.0,6175.2726098191215,Good,15.0,99.1,74.82,20.72,73.99,63.74,97.52,81.44,32.78,36.88,52.93
26,MORADABAD,UTTAR PRADESH,4772006.0,25.22 %,906,56.77,288.0,16569.465277777777,Average,168.0,96.04,58.28,17.07,69.41,33.15,80.26,84.5,34.69,27.0,44.93
27,GHAZIABAD,UTTAR PRADESH,4681645.0,42.27 %,881,78.07,200.0,23408.225,Poor,237.0,99.92,92.4,20.0,81.78,62.0,86.44,68.51,28.15,23.35,55.15
28,NAGPUR,MAHARASHTRA,4653570.0,14.40 %,951,88.39,434.0,10722.511520737327,Average,81.0,99.51,96.03,25.61,94.59,71.44,100.0,89.41,27.6,33.87,53.6
29,CHENNAI,TAMIL NADU,4646732.0,6.98 %,989,90.18,148.0,31396.83783783784,Poor,272.0,99.89,97.71,58.23,96.1,89.86,100.0,-96.55,20.35,21.85,50.28
30,AZAMGARH,UTTAR PRADESH,4613913.0,17.11 %,1019,70.93,592.0,7793.771959459459,Good,36.0,96.47,37.57,9.0,78.9,38.48,93.23,64.46,33.38,27.96,54.29
31,LUCKNOW,UTTAR PRADESH,4589838.0,25.82 %,917,77.29,405.0,11332.933333333332,Average,92.0,96.82,78.26,15.76,79.8,53.08,91.32,68.89,32.09,25.53,55.76
32,KANPUR NAGAR,UTTAR PRADESH,4581268.0,9.92 %,862,79.65,448.0,10226.044642857143,Average,74.0,89.25,76.86,16.12,82.7,69.85,86.61,72.79,34.6,27.75,57.03
33,AHMADNAGAR,MAHARASHTRA,4543159.0,12.44 %,939,79.05,0.0,4543159.0,Critical,361.0,94.48,77.44,12.03,86.19,76.61,97.9,83.53,31.68,41.19,50.3
34,KRISHNA,ANDHRA PRADESH,4517398.0,7.87 %,992,73.74,736.0,6137.76902173913,Good,21.0,99.55,89.82,68.08,76.85,73.3,98.93,-89.96,29.84,21.13,60.32
35,KOLKATA,WEST BENGAL,4496694.0,-1.67 %,908,86.31,0.0,4496694.0,Critical,361.0,99.59,91.71,21.08,87.6,71.74,97.47,-80.16,29.63,32.91,58.18
36,JAUNPUR,UTTAR PRADESH,4494204.0,14.89 %,1024,71.55,533.0,8431.90243902439,Good,50.0,98.17,55.24,12.02,77.28,47.58,88.77,75.12,40.52,30.33,34.0
37,MADHUBANI,BIHAR,4487379.0,25.51 %,926,58.62,476.0,9427.26680672269,Good,65.0,98.59,39.96,19.15,53.15,34.88,73.72,74.09,43.33,36.01,61.44
38,SITAPUR,UTTAR PRADESH,4483992.0,23.88 %,888,61.12,558.0,8035.827956989247,Good,42.0,68.35,31.48,23.22,59.16,35.39,84.81,65.94,47.8,37.86,55.29
39,BAREILLY,UTTAR PRADESH,4448359.0,22.93 %,887,58.49,504.0,8826.109126984127,Good,59.0,92.45,54.56,18.67,54.71,43.05,75.05,70.45,45.87,35.24,60.8
40,GORAKHPUR,UTTAR PRADESH,4440895.0,17.81 %,950,70.83,621.0,7151.199677938808,Good,35.0,94.85,66.8,17.94,70.14,56.32,91.59,67.7,29.59,33.65,52.89
41,AGRA,UTTAR PRADESH,4418797.0,22.05 %,868,71.58,489.0,9036.394683026583,Good,63.0,99.06,67.51,9.4,64.97,42.65,89.08,74.06,35.85,26.17,59.44
42,GAYA,BIHAR,4391418.0,26.43 %,937,63.67,555.0,7912.464864864864,Good,43.0,97.92,34.69,9.71,59.4,25.07,76.58,85.03,47.38,43.45,64.33
43,SOLAPUR,MAHARASHTRA,4317756.0,12.16 %,938,77.02,542.0,7966.339483394834,Good,48.0,97.12,73.07,20.49,76.44,81.92,96.23,83.63,36.33,32.93,54.52
44,VISAKHAPATNAM,ANDHRA PRADESH,4290589.0,11.96 %,1006,66.91,0.0,4290589.0,Critical,361.0,99.57,72.87,64.92,69.54,58.59,95.25,-76.49,30.96,33.53,58.02
45,SAMASTIPUR,BIHAR,4261566.0,25.53 %,911,61.86,411.0,10368.773722627737,Average,91.0,95.73,36.11,19.04,54.25,23.53,83.38,71.4,44.0,42.76,60.51
46,JALGAON,MAHARASHTRA,4229917.0,14.86 %,925,78.2,554.0,7635.229241877257,Good,44.0,96.77,79.46,11.89,76.51,58.39,86.51,-61.32,36.34,36.88,65.19
47,CHITTOOR,ANDHRA PRADESH,4174064.0,11.43 %,997,71.53,776.0,5378.948453608247,Good,14.0,99.74,86.63,70.66,69.32,65.28,97.1,-66.55,27.06,27.91,51.8
48,VADODARA,GUJARAT,4165626.0,14.38 %,934,78.92,299.0,13931.859531772576,Average,160.0,97.28,78.1,41.66,84.57,65.92,95.92,-84.93,42.26,39.85,72.32
49,MUZAFFARNAGAR,UTTAR PRADESH,4143512.0,16.94 %,889,69.12,341.0,12151.061583577712,Average,130.0,97.81,59.76,8.2,73.41,44.02,86.99,69.51,29.76,29.86,45.99
50,MALAPPURAM,KERALA,4112920.0,13.45 %,1098,93.57,730.0,5634.13698630137,Good,23.0,99.69,59.02,42.76,99.15,90.42,100.0,80.27,29.36,21.36,34.74
51,HARDOI,UTTAR PRADESH,4092845.0,20.44 %,868,64.57,486.0,8421.491769547325,Good,64.0,70.98,28.97,16.03,59.3,39.68,73.93,63.27,44.54,32.95,59.67
52,ANANTAPUR,ANDHRA PRADESH,4081148.0,12.10 %,977,63.57,719.0,5676.144645340751,Good,24.0,99.61,86.42,73.24,63.55,66.61,94.7,-81.78,35.96,40.59,50.45
53,RAIPUR,CHHATTISGARH,4063872.0,34.70 %,984,75.56,276.0,14724.173913043478,Average,179.0,99.48,60.47,76.92,81.31,65.6,90.71,74.15,32.22,32.33,59.09
54,KURNOOL,ANDHRA PRADESH,4053463.0,14.85 %,988,59.97,670.0,6049.944776119403,Good,27.0,99.88,78.08,73.32,56.97,74.25,88.52,67.04,50.53,46.28,58.58
55,MAHBUBNAGAR,ANDHRA PRADESH,4053028.0,15.34 %,977,55.04,0.0,4053028.0,Critical,361.0,98.5,48.04,34.6,75.73,60.25,92.16,,32.31,29.12,56.94
56,KHERI,UTTAR PRADESH,4021243.0,25.38 %,894,60.56,0.0,4021243.0,Critical,361.0,84.15,35.91,22.01,61.99,47.98,82.77,69.49,47.59,36.29,52.95
57,KANCHEEPURAM,TAMIL NADU,3998252.0,38.95 %,986,84.49,453.0,8826.16335540839,Good,73.0,99.42,88.06,59.7,84.45,76.07,100.0,-69.05,20.58,19.81,56.97
58,MALDAH,WEST BENGAL,3988845.0,21.22 %,944,61.73,564.0,7072.420212765957,Good,40.0,98.13,29.6,28.96,72.25,82.75,87.68,87.2,40.54,35.3,73.6
59,SARAN,BIHAR,3951862.0,21.64 %,954,65.96,438.0,9022.51598173516,Good,78.0,93.62,36.83,9.41,65.56,30.74,72.97,71.95,39.67,44.96,62.8
60,HYDERABAD,ANDHRA PRADESH,3943323.0,2.97 %,954,83.25,0.0,3943323.0,Critical,361.0,98.5,48.04,34.6,75.73,60.25,92.16,,32.31,29.12,56.94
61,DARBHANGA,BIHAR,3937385.0,19.47 %,911,56.56,325.0,12115.030769230769,Average,142.0,97.23,41.64,25.33,49.38,24.87,69.9,66.27,45.44,39.24,60.75
62,WEST GODAVARI,ANDHRA PRADESH,3936966.0,3.51 %,1004,74.63,760.0,5180.218421052631,Good,20.0,99.34,86.83,67.57,76.97,62.73,98.7,-80.04,31.44,22.45,63.04
63,VELLORE,TAMIL NADU,3936331.0,13.20 %,1007,79.17,586.0,6717.288395904437,Good,38.0,99.3,85.3,71.36,84.72,95.4,99.53,92.72,29.8,19.69,50.59
64,PASHCHIM CHAMPARAN,BIHAR,3935042.0,29.29 %,909,55.7,0.0,3935042.0,Critical,361.0,93.45,31.42,19.96,52.53,25.39,79.45,62.07,43.47,30.26,50.58
65,KOLHAPUR,MAHARASHTRA,3876001.0,10.01 %,957,81.51,522.0,7425.289272030652,Good,54.0,98.75,84.68,16.45,90.74,81.75,99.18,-67.24,33.58,34.65,50.05
66,JALPAIGURI,WEST BENGAL,3872846.0,13.87 %,953,73.25,337.0,11492.12462908012,Average,133.0,97.41,42.7,35.78,73.6,88.39,95.84,87.87,28.89,25.42,71.42
67,RAJKOT,GUJARAT,3804558.0,20.02 %,927,80.96,440.0,8646.722727272727,Good,77.0,99.59,83.59,45.13,84.68,93.52,99.28,-84.87,38.94,37.01,60.46
68,SULTANPUR,UTTAR PRADESH,3797117.0,18.11 %,983,69.27,289.0,13138.813148788928,Average,167.0,94.25,33.68,20.65,74.94,47.0,86.96,80.24,33.4,28.29,50.2
69,KARIMNAGAR,ANDHRA PRADESH,3776269.0,8.15 %,1008,64.15,0.0,3776269.0,Critical,361.0,98.5,48.04,34.6,75.73,60.25,92.16,,32.31,29.12,56.94
70,THIRUVALLUR,TAMIL NADU,3728104.0,35.33 %,987,84.03,379.0,9836.686015831134,Good,108.0,99.82,93.42,57.37,85.9,85.35,100.0,-88.57,18.07,20.58,56.83
71,AURANGABAD,MAHARASHTRA,3701282.0,27.76 %,923,79.02,374.0,9896.475935828876,Good,111.0,97.02,78.44,12.44,83.1,57.21,94.8,56.65,34.22,42.9,52.38
72,JODHPUR,RAJASTHAN,3687165.0,27.74 %,916,65.94,792.0,4655.511363636364,Excellent,12.0,98.37,56.14,87.5,68.18,56.71,90.03,81.16,32.59,25.44,43.35
73,BIJNOR,UTTAR PRADESH,3682713.0,17.60 %,917,68.48,416.0,8852.67548076923,Good,90.0,96.14,45.8,18.82,74.11,48.8,83.69,90.56,36.16,21.87,45.96
74,BUDAUN,UTTAR PRADESH,3681896.0,19.95 %,871,51.29,358.0,10284.625698324022,Average,120.0,80.66,39.84,13.55,52.39,40.57,72.31,69.52,51.79,43.02,55.31
75,VARANASI,UTTAR PRADESH,3676841.0,17.15 %,913,75.6,380.0,9675.897368421052,Good,107.0,97.16,71.53,12.78,80.61,51.4,95.17,79.28,37.38,39.02,37.6
76,ALWAR,RAJASTHAN,3674179.0,22.78 %,895,70.72,857.0,4287.256709451575,Excellent,8.0,97.83,34.9,80.75,65.64,29.97,91.27,59.37,33.94,23.97,53.15
77,ALIGARH,UTTAR PRADESH,3673889.0,22.78 %,882,67.52,398.0,9230.87688442211,Good,96.0,95.31,51.42,17.61,68.71,44.68,82.58,70.06,35.04,26.27,56.51
78,NORTH WEST DELHI,DELHI,3656539.0,27.81 %,865,84.45,0.0,3656539.0,Critical,361.0,98.5,48.04,34.6,75.73,60.25,92.16,,32.31,29.12,56.94
79,GHAZIPUR,UTTAR PRADESH,3620268.0,19.18 %,952,71.78,416.0,8702.567307692309,Good,90.0,91.77,39.31,10.64,75.84,29.22,88.32,60.82,39.31,38.27,45.68
80,BANKURA,WEST BENGAL,3596674.0,12.65 %,957,70.26,658.0,5466.069908814589,Good,29.0,92.34,20.82,43.43,68.3,75.66,93.28,-85.02,30.34,38.83,77.04
81,KUSHINAGAR,UTTAR PRADESH,3564544.0,23.20 %,961,65.25,353.0,10097.85835694051,Average,124.0,91.49,55.19,15.63,64.41,35.79,89.43,65.41,32.18,36.6,42.29
82,GANJAM,ORISSA,3529031.0,11.66 %,983,71.09,584.0,6042.861301369863,Good,39.0,99.28,63.73,51.88,71.86,82.72,93.01,88.46,23.94,18.88,56.72
83,WARANGAL,ANDHRA PRADESH,3512576.0,8.21 %,997,65.11,0.0,3512576.0,Critical,361.0,98.5,48.04,34.6,75.73,60.25,92.16,,32.31,29.12,56.94
84,BIRBHUM,WEST BENGAL,3502404.0,16.15 %,956,70.68,564.0,6209.936170212766,Good,40.0,97.78,28.13,37.67,70.79,78.38,90.31,81.55,36.99,41.8,77.71
85,BULANDSHAHAR,UTTAR PRADESH,3499171.0,20.12 %,896,68.88,354.0,9884.66384180791,Good,123.0,98.5,48.04,34.6,75.73,60.25,92.16,,32.31,29.12,56.94
86,LUDHIANA,PUNJAB,3498739.0,15.36 %,873,82.2,347.0,10082.821325648414,Average,126.0,99.69,83.21,25.24,85.28,65.19,90.12,-73.17,22.06,12.44,64.34
87,VAISHALI,BIHAR,3495021.0,28.57 %,895,66.6,221.0,15814.574660633483,Average,219.0,96.45,40.91,13.49,62.41,24.52,81.58,70.98,38.26,38.36,63.13
88,NALGONDA,ANDHRA PRADESH,3488809.0,7.41 %,983,64.2,0.0,3488809.0,Critical,361.0,98.5,48.04,34.6,75.73,60.25,92.16,,32.31,29.12,56.94
89,BAHRAICH,UTTAR PRADESH,3487731.0,46.48 %,892,49.36,216.0,16146.902777777776,Average,223.0,77.75,38.2,10.11,41.64,34.27,67.67,51.77,52.11,38.04,48.81
90,SALEM,TAMIL NADU,3482056.0,15.44 %,954,72.86,515.0,6761.273786407767,Good,57.0,99.52,84.48,67.49,83.16,85.04,100.0,-77.02,23.62,20.77,46.33
91,SAHARANPUR,UTTAR PRADESH,3466382.0,19.66 %,890,70.49,437.0,7932.224256292906,Good,79.0,98.32,56.58,11.79,73.79,52.44,81.65,89.16,28.82,26.73,41.38
92,VILUPPURAM,TAMIL NADU,3458873.0,16.84 %,987,71.88,678.0,5101.582595870206,Good,26.0,99.73,68.64,77.56,77.83,94.88,99.11,-88.51,23.88,20.52,62.53
93,COIMBATORE,TAMIL NADU,3458045.0,18.56 %,1000,83.98,428.0,8079.544392523365,Good,83.0,99.42,95.45,60.99,90.57,89.99,100.0,-94.51,23.0,18.48,48.85
94,MEERUT,UTTAR PRADESH,3443689.0,14.89 %,886,72.84,370.0,9307.267567567567,Good,113.0,98.62,68.47,18.38,80.17,49.87,80.61,82.49,32.1,23.65,45.46
95,GONDA,UTTAR PRADESH,3433919.0,24.17 %,921,58.71,392.0,8759.997448979591,Good,101.0,88.93,56.17,13.37,60.39,41.68,81.77,59.94,45.9,28.0,49.31
96,SITAMARHI,BIHAR,3423574.0,27.62 %,899,52.05,149.0,22977.006711409394,Poor,271.0,93.07,40.48,20.7,51.74,20.28,64.36,66.62,54.18,40.82,61.68
97,RAE BARELI,UTTAR PRADESH,3405559.0,18.56 %,943,67.25,422.0,8070.045023696683,Good,87.0,88.85,39.41,16.84,66.45,43.57,89.51,71.41,47.02,28.83,48.2
98,PRAKASAM,ANDHRA PRADESH,3397448.0,11.05 %,981,63.08,653.0,5202.830015313935,Good,31.0,99.27,90.78,67.58,62.83,73.4,97.4,-51.93,22.56,24.65,60.43
99,NANDED,MAHARASHTRA,3361292.0,16.86 %,943,75.45,475.0,7076.404210526316,Good,66.0,96.44,64.54,15.73,71.91,53.48,94.81,75.65,35.98,35.18,57.34
100,DURG,CHHATTISGARH,3343872.0,18.98 %,988,79.06,260.0,12861.046153846151,Average,190.0,99.57,76.31,67.01,84.59,69.85,96.71,82.67,38.87,27.74,51.66
101,SIWAN,BIHAR,3330464.0,22.70 %,988,69.45,447.0,7450.702460850111,Good,75.0,95.29,48.04,8.2,70.9,30.26,86.36,76.12,36.65,30.79,53.12
102,NAGAUR,RAJASTHAN,3307743.0,19.20 %,950,62.8,960.0,3445.565625,Excellent,4.0,98.99,45.68,90.02,67.77,46.15,96.96,80.6,31.52,26.19,45.27
103,THIRUVANANTHAPURAM,KERALA,3301427.0,2.07 %,1087,93.02,656.0,5032.663109756098,Good,30.0,99.89,72.2,48.68,98.48,55.33,99.45,-72.82,19.53,15.21,32.98
104,ERNAKULAM,KERALA,3282388.0,5.69 %,1027,95.89,644.0,5096.875776397515,Good,33.0,100.0,88.35,46.24,99.32,82.18,99.12,-82.61,22.02,19.42,31.65
105,INDORE,MADHYA PRADESH,3276697.0,32.88 %,928,80.87,189.0,17337.021164021164,Average,242.0,100.0,86.88,40.31,81.71,74.59,96.5,84.57,28.69,24.88,48.05
106,PURNIA,BIHAR,3264619.0,28.33 %,921,51.08,423.0,7717.775413711583,Good,86.0,92.4,19.28,10.17,47.52,11.13,68.87,62.7,43.51,47.07,66.03
107,BARABANKI,UTTAR PRADESH,3260699.0,21.96 %,910,61.75,427.0,7636.297423887588,Good,84.0,98.5,48.04,34.6,75.73,60.25,92.16,,32.31,29.12,56.94
108,BALLIA,UTTAR PRADESH,3239774.0,17.31 %,937,70.94,459.0,7058.331154684096,Good,71.0,89.12,53.79,10.59,73.3,30.52,89.96,62.22,43.8,42.49,52.24
109,PRATAPGARH,UTTAR PRADESH,3209141.0,17.50 %,998,70.09,375.0,8557.709333333334,Good,110.0,92.46,37.12,14.9,77.73,30.62,90.82,74.97,35.47,27.71,48.9
110,THRISSUR,KERALA,3121200.0,4.94 %,1108,95.08,589.0,5299.151103565365,Good,37.0,100.0,76.33,48.65,99.41,82.4,100.0,*,22.04,17.28,44.44
111,BANASKANTHA,GUJARAT,3120506.0,24.61 %,938,65.32,0.0,3120506.0,Critical,361.0,98.5,48.04,34.6,75.73,60.25,92.16,,32.31,29.12,56.94
112,UNNAO,UTTAR PRADESH,3108367.0,15.11 %,907,66.37,0.0,3108367.0,Critical,361.0,75.36,43.44,15.33,68.18,19.76,80.84,58.57,39.17,29.25,48.92
113,DEORIA,UTTAR PRADESH,3100946.0,14.31 %,1017,71.13,395.0,7850.496202531645,Good,98.0,95.25,67.2,10.51,73.7,42.45,93.42,64.22,36.77,39.37,33.83
114,KOZHIKODE,KERALA,3086293.0,7.20 %,1098,95.08,0.0,3086293.0,Critical,361.0,99.6,73.83,61.11,99.05,91.75,100.0,-88.78,21.31,18.85,29.83
115,MUMBAI CITY,MAHARASHTRA,3085411.0,-7.57 %,832,89.21,0.0,3085411.0,Critical,361.0,98.5,48.04,34.6,75.73,60.25,92.16,,32.31,29.12,56.94
116,TIRUNELVELI,TAMIL NADU,3077233.0,12.97 %,1023,82.5,501.0,6142.1816367265465,Good,60.0,99.51,87.86,61.27,87.34,84.97,100.0,-93.25,29.39,22.71,51.02
117,KATIHAR,BIHAR,3071029.0,28.35 %,919,52.24,339.0,9059.082595870206,Good,131.0,92.04,16.93,8.37,49.69,15.3,66.87,73.65,43.94,48.07,68.37
118,UDAIPUR,RAJASTHAN,3068420.0,23.69 %,958,61.82,770.0,3984.961038961039,Excellent,18.0,98.05,34.29,94.3,64.22,62.32,96.05,86.79,34.03,26.64,60.49
119,MADURAI,TAMIL NADU,3038252.0,17.84 %,990,83.45,411.0,7392.340632603406,Good,91.0,98.91,91.18,66.29,87.3,89.47,100.0,-88.81,32.39,21.51,47.99
120,BHAGALPUR,BIHAR,3037766.0,25.36 %,880,63.14,390.0,7789.143589743589,Good,102.0,94.52,49.16,16.27,65.56,27.62,77.17,66.79,39.95,40.42,73.02
151,SIKAR,RAJASTHAN,2677333.0,17.03 %,947,71.91,771.0,3472.546044098573,Excellent,17.0,99.19,58.41,82.37,73.26,50.42,95.76,69.98,23.13,18.27,43.96
152,BILASPUR,CHHATTISGARH,2663629.0,33.29 %,971,70.78,370.0,7198.997297297297,Good,113.0,98.61,42.19,60.37,74.32,46.87,79.44,52.5,25.73,28.0,58.5
153,KOLLAM,KERALA,2635375.0,1.94 %,1113,94.09,524.0,5029.341603053435,Good,53.0,99.77,80.14,56.01,98.22,79.28,100.0,-85.36,15.49,16.99,35.96
154,RAIGARH,MAHARASHTRA,2634200.0,19.31 %,959,83.14,362.0,7276.795580110497,Good,118.0,97.93,83.27,26.29,79.15,83.14,96.55,-92.32,35.81,34.09,54.23
155,FATEHPUR,UTTAR PRADESH,2632733.0,14.05 %,901,67.43,378.0,6964.902116402116,Good,109.0,76.83,38.85,16.83,66.45,38.09,81.36,55.68,51.06,37.97,62.98
156,CUTTACK,ORISSA,2624470.0,12.10 %,940,85.5,420.0,6248.738095238095,Good,88.0,98.2,45.14,42.29,83.15,84.2,98.86,-90.42,20.42,18.87,64.5
157,CUDDALORE,TAMIL NADU,2605914.0,14.02 %,987,78.04,402.0,6482.373134328358,Good,94.0,99.16,75.61,64.4,80.46,82.22,99.17,-79.03,20.22,17.98,58.57
158,BARMER,RAJASTHAN,2603751.0,32.52 %,902,56.53,848.0,3070.4610849056603,Excellent,9.0,95.49,26.79,97.79,67.64,64.93,93.31,92.85,39.06,31.7,49.4
159,BULDANA,MAHARASHTRA,2586258.0,15.85 %,934,83.4,353.0,7326.509915014164,Good,124.0,97.08,69.15,37.88,79.88,72.7,93.94,-85.91,44.95,47.18,57.84
160,BID,MAHARASHTRA,2585049.0,19.61 %,916,76.99,349.0,7407.017191977077,Good,125.0,94.76,54.36,9.27,76.27,56.83,94.02,75.87,40.77,36.84,50.82
161,AJMER,RAJASTHAN,2583052.0,18.40 %,951,69.33,489.0,5282.314928425358,Good,63.0,99.93,52.86,88.73,70.17,52.81,95.11,78.93,22.31,23.11,52.74
162,GULBARGA,KARNATAKA,2566326.0,18.01 %,971,64.85,457.0,5615.5929978118165,Good,72.0,99.4,58.52,17.36,68.24,53.63,88.66,75.25,34.51,36.18,56.03
163,GOPALGANJ,BIHAR,2562012.0,19.02 %,1021,65.47,222.0,11540.594594594597,Average,218.0,96.23,39.35,12.73,63.31,27.88,85.92,75.83,34.16,29.23,53.77
164,SIDDHARTH NAGAR,UTTAR PRADESH,2559297.0,25.45 %,976,59.25,284.0,9011.609154929578,Good,172.0,98.5,48.04,34.6,75.73,60.25,92.16,,32.31,29.12,56.94
165,NIZAMABAD,ANDHRA PRADESH,2551335.0,8.77 %,1040,61.25,0.0,2551335.0,Critical,361.0,98.5,48.04,34.6,75.73,60.25,92.16,,32.31,29.12,56.94
166,BHARATPUR,RAJASTHAN,2548462.0,21.29 %,880,70.11,475.0,5365.183157894737,Good,66.0,98.26,24.34,84.77,63.05,33.23,92.12,64.06,40.27,29.13,60.78
167,MATHURA,UTTAR PRADESH,2547184.0,22.78 %,863,70.36,251.0,10148.14342629482,Average,198.0,98.18,47.34,10.77,67.93,39.3,79.48,73.59,31.58,21.29,63.01
168,WEST DELHI,DELHI,2543243.0,19.46 %,875,86.98,0.0,2543243.0,Critical,361.0,98.5,48.04,34.6,75.73,60.25,92.16,,32.31,29.12,56.94
169,AURANGABAD,BIHAR,2540073.0,26.18 %,926,70.32,324.0,7839.731481481482,Good,143.0,97.7,38.92,15.35,67.56,29.31,77.48,89.74,41.23,48.66,60.45
170,KANNUR,KERALA,2523003.0,4.73 %,1136,95.1,552.0,4570.657608695652,Excellent,46.0,99.66,70.39,47.93,99.08,78.27,100.0,77.7,19.36,17.93,39.72
171,MAYURBHANJ,ORISSA,2519738.0,13.33 %,1006,63.17,707.0,3563.98585572843,Excellent,25.0,90.34,16.12,46.45,61.45,52.94,91.68,84.41,36.72,45.91,72.15
172,FIROZABAD,UTTAR PRADESH,2498156.0,21.69 %,875,71.92,212.0,11783.754716981131,Average,227.0,96.3,53.5,13.4,74.35,39.25,80.07,67.14,46.91,25.58,57.08
173,MIRZAPUR,UTTAR PRADESH,2496970.0,18.00 %,903,68.48,317.0,7876.876971608833,Good,147.0,92.67,42.51,15.0,73.39,36.51,91.09,68.27,43.4,27.59,42.05
174,AMRITSAR,PUNJAB,2490656.0,15.47 %,889,76.27,225.0,11069.58222222222,Average,216.0,99.92,82.86,26.17,81.68,56.49,95.9,-65.84,19.38,11.22,52.07
175,TIRUPPUR,TAMIL NADU,2479052.0,29.11 %,989,78.68,0.0,2479052.0,Critical,361.0,99.45,95.4,59.86,87.49,93.54,100.0,*,21.46,23.09,55.21
176,FAIZABAD,UTTAR PRADESH,2470996.0,18.29 %,962,68.73,303.0,8155.102310231023,Good,157.0,90.34,41.32,19.81,77.7,33.76,89.11,68.66,30.62,27.52,52.31
177,TIRUVANNAMALAI,TAMIL NADU,2464875.0,12.75 %,994,74.21,0.0,2464875.0,Critical,361.0,99.04,70.74,69.6,81.66,97.65,99.05,-97.06,30.63,24.96,56.55
178,BASTI,UTTAR PRADESH,2464464.0,18.21 %,963,67.22,323.0,7629.919504643963,Good,144.0,94.62,57.01,15.84,65.27,31.46,93.18,73.81,35.88,39.17,39.9
179,JABALPUR,MADHYA PRADESH,2463289.0,14.51 %,929,81.07,251.0,9813.900398406377,Good,198.0,99.65,28.46,61.17,72.44,-60.39,94.73,*,-17.99,-31.27,48.89
180,LATUR,MAHARASHTRA,2454196.0,17.97 %,928,77.26,320.0,7669.3625,Good,146.0,97.24,78.47,33.59,83.29,72.64,94.71,79.2,43.17,33.94,50.71
181,BELLARY,KARNATAKA,2452595.0,20.99 %,983,67.43,383.0,6403.642297650131,Good,106.0,98.92,76.19,25.66,64.44,56.36,95.74,-71.46,36.08,36.51,58.11
182,GIRIDIH,JHARKHAND,2445474.0,28.41 %,944,63.14,209.0,11700.832535885169,Average,230.0,96.54,32.38,52.41,57.32,42.1,70.74,70.61,31.88,34.25,64.7
183,SABARKANTHA,GUJARAT,2428589.0,16.62 %,952,75.79,0.0,2428589.0,Critical,361.0,98.5,48.04,34.6,75.73,60.25,92.16,,32.31,29.12,56.94
184,BHILWARA,RAJASTHAN,2408523.0,19.60 %,973,61.37,646.0,3728.363777089783,Excellent,32.0,99.25,26.5,89.05,58.06,64.66,95.01,83.23,22.57,23.5,50.39
185,THANJAVUR,TAMIL NADU,2405890.0,8.56 %,1035,82.64,402.0,5984.800995024875,Good,94.0,98.84,69.42,70.63,86.37,93.66,100.0,-78.48,19.55,21.88,59.04
186,AMBEDKAR NAGAR,UTTAR PRADESH,2397888.0,18.30 %,978,72.23,312.0,7685.538461538462,Good,150.0,94.15,32.2,23.0,78.51,44.47,92.17,75.07,31.05,29.18,52.7
187,PANCHMAHAL,GUJARAT,2390776.0,18.05 %,949,70.99,0.0,2390776.0,Critical,361.0,98.5,48.04,34.6,75.73,60.25,92.16,,32.31,29.12,56.94
188,SAGAR,MADHYA PRADESH,2378458.0,17.63 %,893,76.46,345.0,6894.08115942029,Good,127.0,98.6,32.74,27.47,74.33,35.91,86.89,75.89,42.66,35.75,49.76
189,BHOPAL,MADHYA PRADESH,2371061.0,28.62 %,918,80.37,99.0,23950.11111111111,Poor,300.0,99.59,83.61,50.65,81.28,64.57,98.26,*,19.88,29.13,53.48
190,REWA,MADHYA PRADESH,2365106.0,19.86 %,931,71.62,395.0,5987.610126582278,Good,98.0,96.52,21.36,29.37,67.74,32.99,80.43,70.34,36.97,31.53,61.66
191,BIKANER,RAJASTHAN,2363937.0,41.19 %,905,65.13,507.0,4662.597633136094,Excellent,58.0,96.12,51.35,87.44,64.33,50.52,89.99,75.55,22.8,28.54,58.92
192,SURGUJA,CHHATTISGARH,2359886.0,19.66 %,978,60.01,232.0,10171.922413793103,Average,212.0,99.26,24.47,65.14,73.68,57.71,85.34,84.55,29.41,30.55,58.32
193,VIZIANAGARAM,ANDHRA PRADESH,2344474.0,4.23 %,1019,58.89,525.0,4465.664761904762,Excellent,52.0,99.52,60.3,76.69,58.32,71.35,99.01,-76.75,36.4,32.21,64.04
194,RAMPUR,UTTAR PRADESH,2335819.0,21.42 %,909,53.34,253.0,9232.486166007906,Good,196.0,96.21,46.18,13.07,59.33,50.36,81.01,79.39,40.35,32.12,55.44
195,BALESHWAR,ORISSA,2320529.0,14.62 %,957,79.79,363.0,6392.641873278237,Good,117.0,97.14,28.43,40.58,76.46,56.61,97.58,94.05,24.42,22.59,61.76
196,KHEDA,GUJARAT,2299885.0,13.62 %,940,82.65,361.0,6370.872576177286,Good,119.0,96.9,47.95,32.2,70.92,61.2,95.18,68.99,37.26,39.49,76.07
197,GURDASPUR,PUNJAB,2298323.0,9.26 %,895,79.95,236.0,9738.656779661016,Good,209.0,99.05,81.26,23.47,84.39,61.09,92.4,80.02,25.08,15.28,55.2
198,PURBI SINGHBHUM,JHARKHAND,2293919.0,15.68 %,949,75.49,277.0,8281.296028880866,Good,178.0,95.72,57.56,50.72,77.36,40.67,94.03,88.79,35.88,41.62,64.37
199,SOUTH WEST DELHI,DELHI,2292958.0,30.65 %,840,88.28,0.0,2292958.0,Critical,361.0,98.5,48.04,34.6,75.73,60.25,92.16,,32.31,29.12,56.94
200,ERODE,TAMIL NADU,2251744.0,11.66 %,993,72.58,393.0,5729.628498727735,Good,100.0,99.6,95.9,77.67,83.05,93.93,100.0,-95.88,19.39,26.87,55.43
201,KHORDHA,ORISSA,2251673.0,19.94 %,929,86.88,282.0,7984.656028368794,Good,174.0,99.51,63.3,43.15,85.7,91.02,97.78,-87.89,17.07,16.86,68.09
202,NORTH EAST DELHI,DELHI,2241624.0,26.78 %,886,83.09,0.0,2241624.0,Critical,361.0,98.5,48.04,34.6,75.73,60.25,92.16,,32.31,29.12,56.94
203,SUPAUL,BIHAR,2229076.0,28.66 %,929,57.67,204.0,10926.843137254902,Average,233.0,97.29,14.96,14.21,42.14,30.94,80.35,73.56,42.32,45.0,60.7
204,SATNA,MADHYA PRADESH,2228935.0,19.19 %,926,72.26,403.0,5530.856079404466,Good,93.0,97.75,35.24,22.0,73.02,51.5,85.53,-76.32,49.38,31.23,57.34
205,NAWADA,BIHAR,2219146.0,22.63 %,939,59.76,177.0,12537.54802259887,Average,250.0,97.4,40.74,8.09,62.1,31.62,79.94,74.45,49.43,37.29,70.41
206,MAU,UTTAR PRADESH,2205968.0,18.98 %,979,73.09,0.0,2205968.0,Critical,361.0,94.24,54.15,15.97,74.44,43.2,94.74,59.08,25.42,30.25,44.28
207,CHANDRAPUR,MAHARASHTRA,2204307.0,6.43 %,961,80.01,419.0,5260.875894988067,Good,89.0,98.85,85.1,28.94,87.79,68.49,99.62,-94.97,37.26,46.64,55.5
208,JALANDHAR,PUNJAB,2193590.0,11.76 %,915,82.48,264.0,8309.05303030303,Good,187.0,99.55,82.34,25.89,88.1,72.83,92.34,-91.27,24.81,16.66,57.04
209,DHAR,MADHYA PRADESH,2185793.0,25.60 %,964,59.0,560.0,3903.2017857142855,Excellent,41.0,97.62,44.76,30.25,58.56,76.46,95.45,-75.37,28.82,35.88,50.24
210,BIJAPUR,KARNATAKA,2177331.0,20.50 %,960,67.15,393.0,5540.282442748092,Good,100.0,97.59,60.61,21.2,66.61,56.37,91.75,71.11,45.94,38.96,52.9
211,JAMNAGAR,GUJARAT,2160119.0,13.44 %,939,73.65,245.0,8816.81224489796,Good,202.0,98.92,81.56,38.6,83.14,73.78,96.49,-78.4,28.35,28.86,50.22
212,DINDIGUL,TAMIL NADU,2159775.0,12.31 %,998,76.26,396.0,5453.977272727273,Good,97.0,98.79,76.3,71.92,81.01,96.21,96.99,92.56,27.09,28.41,42.61
213,BALRAMPUR,UTTAR PRADESH,2148665.0,27.72 %,928,49.51,252.0,8526.448412698413,Good,197.0,78.37,39.61,12.99,44.94,40.97,69.71,57.37,41.15,37.16,53.7
214,JHUNJHUNUN,RAJASTHAN,2137045.0,11.67 %,950,74.13,734.0,2911.5054495912805,Excellent,22.0,99.04,55.5,86.13,76.06,49.15,97.12,88.69,20.89,19.55,55.36
215,ALAPPUZHA,KERALA,2127789.0,0.88 %,1100,95.72,486.0,4378.166666666667,Excellent,64.0,99.92,79.21,60.43,99.7,65.68,99.38,-61.89,20.08,20.4,31.88
216,DOHAD,GUJARAT,2127086.0,29.98 %,990,58.82,0.0,2127086.0,Critical,361.0,89.29,26.8,40.26,56.1,70.9,92.45,66.18,55.34,53.02,75.08
217,SUNDARGARH,ORISSA,2093437.0,14.35 %,973,73.34,474.0,4416.533755274261,Excellent,67.0,97.11,40.15,39.34,74.12,73.07,91.34,-81.98,32.91,34.66,69.77
218,ANAND,GUJARAT,2092745.0,12.70 %,925,84.37,335.0,6247.0,Good,135.0,97.95,65.13,36.17,75.89,64.24,95.96,-77.03,38.4,46.63,66.36
219,KACHCHH,GUJARAT,2092371.0,32.16 %,908,70.59,521.0,4016.067178502879,Excellent,55.0,99.16,67.16,34.34,75.57,84.15,97.36,70.19,37.48,33.43,57.49
220,CHHINDWARA,MADHYA PRADESH,2090922.0,13.07 %,964,71.16,0.0,2090922.0,Critical,361.0,98.89,43.59,48.45,75.03,66.95,92.16,-65.26,23.89,32.84,41.67
221,DAKSHINA KANNADA,KARNATAKA,2089649.0,10.11 %,1020,88.57,518.0,4034.071428571429,Excellent,56.0,99.83,82.04,36.29,92.72,82.0,100.0,-86.79,25.1,26.35,38.75
222,BOKARO,JHARKHAND,2062330.0,16.01 %,922,72.01,146.0,14125.54794520548,Average,274.0,97.31,46.97,44.65,72.56,48.71,80.86,70.99,36.2,32.28,68.84
223,DHULE,MAHARASHTRA,2050862.0,20.08 %,946,72.8,287.0,7145.860627177701,Good,169.0,95.96,65.05,19.83,68.75,63.17,77.2,56.61,37.6,46.04,61.24
224,CHURU,RAJASTHAN,2039547.0,6.01 %,940,66.75,553.0,3688.1500904159134,Excellent,45.0,96.59,40.63,81.87,66.04,45.01,87.84,74.27,27.05,23.39,52.93
225,PALI,RAJASTHAN,2037573.0,11.94 %,987,62.39,592.0,3441.846283783784,Excellent,36.0,99.69,53.14,96.21,76.33,45.02,98.81,90.15,35.86,35.91,58.79
226,MAHESANA,GUJARAT,2035064.0,10.73 %,926,83.61,368.0,5530.065217391304,Good,114.0,97.68,63.14,40.74,75.05,56.58,97.25,-79.56,31.03,41.39,69.27
227,BANKA,BIHAR,2034763.0,26.48 %,907,58.17,288.0,7065.149305555556,Good,168.0,96.22,32.34,13.64,55.73,31.74,79.79,88.14,46.74,45.76,65.86
228,GWALIOR,MADHYA PRADESH,2032036.0,24.50 %,864,76.65,173.0,11745.872832369942,Average,253.0,99.5,69.8,40.62,78.1,68.85,94.75,80.45,40.14,32.98,62.5
229,PILIBHIT,UTTAR PRADESH,2031007.0,23.45 %,895,61.47,235.0,8642.582978723403,Good,210.0,86.83,48.05,21.4,59.31,43.58,76.19,92.27,38.86,39.42,52.0
230,FIROZPUR,PUNJAB,2029074.0,16.21 %,893,68.92,148.0,13709.95945945946,Average,272.0,99.64,68.61,21.03,75.74,48.44,95.53,74.53,30.03,22.01,61.45
231,MADHEPURA,BIHAR,2001762.0,31.12 %,911,52.25,309.0,6478.194174757282,Good,153.0,96.96,13.35,9.54,47.63,20.87,74.95,72.04,46.3,43.49,65.72
232,JHANSI,UTTAR PRADESH,1998603.0,14.54 %,890,75.05,402.0,4971.649253731343,Excellent,94.0,95.16,51.91,11.37,72.45,36.6,92.89,44.5,40.93,39.28,41.33
233,UJJAIN,MADHYA PRADESH,1986864.0,16.12 %,955,72.34,269.0,7386.111524163569,Good,182.0,99.27,60.71,35.74,66.31,60.25,97.11,93.65,34.69,36.16,54.54
234,KOTTAYAM,KERALA,1974551.0,1.07 %,1039,97.21,442.0,4467.309954751131,Excellent,76.0,99.63,72.48,53.19,99.7,55.12,98.69,*,23.41,17.3,38.74
235,GANGANAGAR,RAJASTHAN,1969168.0,10.04 %,887,69.64,497.0,3962.1086519114688,Excellent,61.0,96.88,45.46,85.3,70.96,58.69,97.7,89.72,24.46,26.08,58.97
236,MORENA,MADHYA PRADESH,1965970.0,23.44 %,840,71.03,288.0,6826.284722222223,Good,168.0,99.46,32.57,36.27,70.71,64.92,94.76,69.73,39.96,29.62,67.45
237,JALNA,MAHARASHTRA,1959046.0,21.46 %,937,71.52,268.0,7309.873134328358,Good,183.0,95.72,56.39,9.65,71.81,58.39,92.79,54.34,37.97,39.03,58.17
238,CHANDAULI,UTTAR PRADESH,1952756.0,18.83 %,918,71.48,285.0,6851.775438596491,Good,171.0,91.86,42.34,28.05,73.85,32.91,86.24,70.58,39.48,29.94,48.69
239,KOTA,RAJASTHAN,1951014.0,24.39 %,911,76.56,265.0,7362.316981132076,Good,186.0,99.43,72.3,80.88,77.94,81.34,97.87,84.37,29.52,26.41,51.75
240,DHUBRI,ASSAM,1949258.0,24.44 %,953,58.34,245.0,7956.155102040816,Good,202.0,92.45,40.72,59.38,69.52,37.56,64.17,71.64,48.51,37.76,63.23
241,DAVANAGERE,KARNATAKA,1945497.0,8.63 %,972,75.74,442.0,4401.576923076923,Excellent,76.0,98.82,79.07,25.22,75.98,63.05,98.31,-79.35,38.41,32.76,51.72
242,VIRUDHUNAGAR,TAMIL NADU,1942288.0,10.91 %,1007,80.15,315.0,6165.993650793651,Good,148.0,99.52,90.51,51.27,85.25,83.4,97.77,-76.68,29.22,23.67,56.88
243,PALAMU,JHARKHAND,1939869.0,26.17 %,928,63.63,206.0,9416.839805825242,Good,232.0,95.77,25.41,55.77,65.37,33.83,74.85,80.93,43.71,37.34,61.02
244,RAICHUR,KARNATAKA,1928812.0,15.51 %,1000,59.56,280.0,6888.614285714286,Good,175.0,99.68,64.92,17.75,54.28,67.45,88.93,80.21,39.79,40.73,60.36
245,SONITPUR,ASSAM,1924110.0,15.55 %,956,67.34,310.0,6206.806451612903,Good,152.0,88.24,45.75,66.92,76.91,45.49,83.49,70.9,36.67,21.85,63.62
246,SAHARSA,BIHAR,1900661.0,26.02 %,906,53.2,201.0,9456.02487562189,Good,236.0,97.19,25.19,12.82,43.13,11.66,70.39,72.19,47.78,42.68,65.3
247,PATIALA,PUNJAB,1895686.0,19.62 %,891,75.28,255.0,7434.062745098039,Good,194.0,99.74,80.38,33.77,78.6,71.95,97.25,-74.65,20.32,16.93,65.32
248,HARIDWAR,UTTARAKHAND,1890422.0,30.63 %,880,73.43,0.0,1890422.0,Critical,361.0,98.5,48.04,34.6,75.73,60.25,92.16,,32.31,29.12,56.94
249,BAGALKOT,KARNATAKA,1889752.0,14.40 %,989,68.82,0.0,1889752.0,Critical,361.0,98.88,56.64,22.29,69.66,76.21,95.2,78.58,48.26,42.34,47.98
250,FARRUKHABAD,UTTAR PRADESH,1885204.0,20.05 %,874,69.04,231.0,8161.056277056277,Good,213.0,91.81,45.5,13.48,65.09,41.5,69.29,68.54,47.81,31.13,56.94
251,KRISHNAGIRI,TAMIL NADU,1879809.0,20.41 %,958,71.46,307.0,6123.156351791531,Good,155.0,99.16,86.0,73.58,79.86,93.12,99.6,87.29,29.03,19.32,43.96
252,WEST NIMAR,MADHYA PRADESH,1873046.0,22.85 %,965,62.7,0.0,1873046.0,Critical,361.0,98.5,48.04,34.6,75.73,60.25,92.16,,32.31,29.12,56.94
253,KANNIYAKUMARI,TAMIL NADU,1870374.0,11.60 %,1019,91.75,324.0,5772.759259259259,Good,143.0,99.84,74.38,64.1,97.99,84.21,100.0,-96.04,17.31,14.45,45.55
254,MAINPURI,UTTAR PRADESH,1868529.0,17.02 %,881,75.99,258.0,7242.360465116279,Good,192.0,95.15,39.79,16.13,78.35,38.13,82.65,74.98,44.26,33.59,57.78
255,SONBHADRA,UTTAR PRADESH,1862559.0,27.27 %,918,64.03,173.0,10766.236994219653,Average,253.0,82.87,30.44,19.66,64.8,36.38,76.76,72.69,38.26,46.49,44.54
256,DHARWAD,KARNATAKA,1847023.0,15.13 %,971,80.0,244.0,7569.766393442623,Good,203.0,99.38,79.05,24.48,81.76,85.21,99.69,-87.55,45.17,40.41,52.14
257,DARJILING,WEST BENGAL,1846823.0,14.77 %,970,79.56,263.0,7022.140684410647,Good,188.0,98.18,68.79,26.31,76.99,79.18,98.35,94.2,34.27,31.57,59.17
258,JYOTIBA PHULE NAGAR,UTTAR PRADESH,1840221.0,22.76 %,910,63.84,215.0,8559.167441860465,Good,224.0,96.35,45.43,8.3,64.39,43.87,81.06,72.9,42.24,35.43,47.56
259,PARBHANI,MAHARASHTRA,1836086.0,20.19 %,947,73.34,260.0,7061.869230769231,Good,190.0,96.8,54.76,10.5,73.36,47.35,85.61,51.99,37.63,41.8,58.84
260,JALOR,RAJASTHAN,1828730.0,26.21 %,952,54.86,490.0,3732.102040816327,Excellent,62.0,98.35,36.53,96.61,62.62,71.22,95.52,77.97,44.27,36.52,59.87
261,JAJAPUR,ORISSA,1827192.0,12.49 %,973,80.13,332.0,5503.590361445783,Good,137.0,96.97,28.35,53.92,78.36,73.83,93.81,79.48,25.5,21.79,63.39
262,AKOLA,MAHARASHTRA,1813906.0,11.27 %,946,88.05,231.0,7852.406926406927,Good,213.0,97.59,75.52,40.12,87.52,76.28,97.67,69.51,31.79,30.76,52.58
263,FARIDABAD,HARYANA,1809733.0,32.54 %,873,81.7,122.0,14833.877049180328,Average,290.0,100.0,89.26,32.8,84.39,51.23,92.49,69.49,28.86,19.47,54.2
264,MANDYA,KARNATAKA,1805769.0,2.38 %,995,70.4,542.0,3331.6771217712176,Excellent,48.0,98.39,90.48,39.94,78.3,90.07,99.45,-93.93,24.27,16.65,47.02
265,KENDUJHAR,ORISSA,1801733.0,15.35 %,988,68.24,0.0,1801733.0,Critical,361.0,91.1,27.89,43.26,66.96,57.05,80.43,85.97,36.16,37.05,69.22
266,BANDA,UTTAR PRADESH,1799410.0,17.05 %,863,66.67,335.0,5371.373134328358,Good,135.0,89.17,26.82,13.25,62.61,39.02,89.78,62.88,50.98,49.8,52.22
267,BANSWARA,RAJASTHAN,1797485.0,26.53 %,980,56.33,534.0,3366.076779026217,Excellent,49.0,93.11,21.13,84.23,54.82,69.88,97.7,82.99,44.62,38.69,52.82
268,RAMABAI NAGAR,UTTAR PRADESH,1796184.0,14.89 %,865,75.78,0.0,1796184.0,Critical,361.0,98.5,48.04,34.6,75.73,60.25,92.16,,32.31,29.12,56.94
269,HASSAN,KARNATAKA,1776421.0,3.18 %,1010,76.07,634.0,2801.9258675078863,Excellent,34.0,99.28,86.13,36.89,82.04,75.77,100.0,-96.8,27.12,23.81,42.22
270,HANUMANGARH,RAJASTHAN,1774692.0,16.91 %,906,67.13,436.0,4070.394495412844,Excellent,80.0,98.98,36.2,89.0,69.72,53.12,94.94,83.26,24.15,21.25,60.27
271,ETAH,UTTAR PRADESH,1774480.0,13.62 %,873,70.81,231.0,7681.731601731602,Good,213.0,87.98,39.62,12.78,70.8,33.6,76.69,55.49,48.77,30.59,55.41
272,CHHATTARPUR,MADHYA PRADESH,1762375.0,19.51 %,883,63.74,0.0,1762375.0,Critical,361.0,98.5,48.04,34.6,75.73,60.25,92.16,,32.31,29.12,56.94
273,JAMUI,BIHAR,1760405.0,25.85 %,922,59.79,261.0,6744.846743295019,Good,189.0,97.89,40.22,14.29,48.68,37.91,73.39,66.39,43.04,37.48,75.16
274,SURENDRANAGAR,GUJARAT,1756268.0,15.91 %,930,72.13,272.0,6456.867647058823,Good,181.0,99.43,56.92,50.44,75.07,57.45,85.58,62.52,39.16,41.78,55.6
275,SHIMOGA,KARNATAKA,1752753.0,6.71 %,998,80.45,476.0,3682.254201680672,Excellent,65.0,99.48,85.65,26.54,79.81,79.43,99.66,-96.07,29.02,34.42,41.89
276,THOOTHUKKUDI,TAMIL NADU,1750176.0,11.32 %,1023,86.16,0.0,1750176.0,Critical,361.0,100.0,90.67,57.78,90.28,80.66,100.0,-100,20.34,20.95,55.93
277,HISAR,HARYANA,1743931.0,13.45 %,872,72.89,252.0,6920.361111111111,Good,197.0,99.74,44.8,27.88,79.76,69.91,98.23,85.53,27.79,21.44,63.76
278,CACHAR,ASSAM,1736617.0,20.19 %,959,79.34,267.0,6504.183520599251,Good,184.0,81.73,42.96,57.87,77.18,32.69,79.2,70.37,28.67,38.21,57.36
279,HAZARIBAGH,JHARKHAND,1734495.0,20.65 %,947,69.75,166.0,10448.765060240965,Average,259.0,98.17,36.81,55.0,69.67,36.41,82.03,70.11,37.8,32.49,56.12
280,NAMAKKAL,TAMIL NADU,1726601.0,15.61 %,986,74.63,311.0,5551.771704180064,Good,151.0,99.24,89.66,68.76,88.93,97.83,100.0,-83.89,25.21,15.67,51.93
281,SHIVPURI,MADHYA PRADESH,1726050.0,22.76 %,877,62.55,298.0,5792.114093959732,Good,161.0,97.19,32.67,38.92,62.45,52.71,94.46,63.05,39.18,36.05,51.05
282,WEST TRIPURA,TRIPURA,1725739.0,12.57 %,962,88.69,191.0,9035.28272251309,Good,241.0,99.82,65.16,28.12,86.19,61.22,95.27,-88.41,30.3,21.18,67.25
283,SANT KABIR NAGAR,UTTAR PRADESH,1715183.0,20.77 %,972,66.72,209.0,8206.617224880383,Good,230.0,93.95,58.09,20.38,62.7,43.22,90.59,80.15,42.26,34.21,43.45
284,EAST DELHI,DELHI,1709346.0,16.79 %,884,89.31,0.0,1709346.0,Critical,361.0,98.5,48.04,34.6,75.73,60.25,92.16,,32.31,29.12,56.94
285,BUXAR,BIHAR,1706352.0,21.67 %,922,70.14,176.0,9695.181818181818,Good,251.0,98.53,44.65,11.44,68.14,27.44,89.45,75.02,39.64,45.31,66.21
286,VALSAD,GUJARAT,1705678.0,20.92 %,922,78.55,431.0,3957.489559164733,Excellent,82.0,98.63,73.11,40.58,82.93,92.48,96.52,91.07,37.76,34.81,75.68
287,BIDAR,KARNATAKA,1703300.0,13.37 %,956,70.51,343.0,4965.889212827989,Excellent,129.0,98.75,65.15,21.44,73.79,55.27,98.98,74.75,36.82,36.13,55.94
288,BHIND,MADHYA PRADESH,1703005.0,19.21 %,837,75.26,266.0,6402.274436090225,Good,185.0,98.15,30.96,30.98,73.79,63.12,93.53,70.74,32.23,29.03,69.86
289,BALAGHAT,MADHYA PRADESH,1701698.0,13.60 %,1021,77.09,384.0,4431.505208333333,Excellent,105.0,98.68,31.11,68.38,79.79,69.12,95.1,-75.81,41.88,44.87,60.57
290,PURI,ORISSA,1698730.0,13.05 %,963,84.67,308.0,5515.357142857143,Good,154.0,99.5,34.42,61.45,87.67,94.92,97.67,-95.78,13.78,11.32,63.34
291,DEHRADUN,UTTARAKHAND,1696694.0,32.33 %,902,84.25,224.0,7574.526785714285,Good,217.0,99.65,88.79,67.31,87.59,75.26,91.73,-76.02,20.92,19.09,47.85
292,BARPETA,ASSAM,1693622.0,21.43 %,953,63.81,301.0,5626.6511627906975,Good,158.0,88.87,38.66,58.9,74.79,43.59,87.6,54.62,29.78,26.22,64.83
293,KISHANGANJ,BIHAR,1690400.0,30.40 %,950,55.46,173.0,9771.098265895953,Good,253.0,95.78,15.25,8.05,48.03,17.13,54.63,67.32,38.75,41.11,65.12
294,JALAUN,UTTAR PRADESH,1689974.0,16.19 %,865,73.75,336.0,5029.684523809524,Good,134.0,96.85,36.45,17.6,70.98,62.84,85.13,66.23,45.1,36.07,44.23
295,DAKSHIN DINAJPUR,WEST BENGAL,1676276.0,11.52 %,956,72.82,278.0,6029.769784172662,Good,177.0,96.54,28.7,28.25,74.31,76.37,91.4,92.55,31.93,30.16,82.04
296,KHAGARIA,BIHAR,1666886.0,30.19 %,886,57.92,217.0,7681.502304147465,Good,222.0,94.48,33.16,15.61,51.82,17.43,74.15,64.68,34.82,36.4,59.46
297,CHITRADURGA,KARNATAKA,1659456.0,9.33 %,974,73.71,440.0,3771.490909090909,Excellent,77.0,99.78,80.59,35.33,75.61,79.32,98.32,-94.6,35.98,32.35,44.58
298,OSMANABAD,MAHARASHTRA,1657576.0,11.50 %,924,78.44,260.0,6375.292307692308,Good,190.0,96.76,69.66,14.82,83.7,89.15,98.08,89.27,37.23,32.48,49.14
299,KANNAUJ,UTTAR PRADESH,1656616.0,19.27 %,879,72.7,204.0,8120.666666666667,Good,233.0,87.3,35.47,15.32,68.25,46.44,76.41,55.84,42.99,33.51,65.21
300,SANGRUR,PUNJAB,1655169.0,12.35 %,885,67.99,245.0,6755.791836734694,Good,202.0,99.56,69.8,18.7,79.79,47.71,94.66,-89.56,23.44,18.1,52.63
301,BALANGIR,ORISSA,1648997.0,23.32 %,987,64.72,288.0,5725.684027777777,Good,168.0,97.83,32.57,43.98,69.8,95.41,97.88,-95.8,32.68,37.64,59.35
302,UDHAM SINGH NAGAR,UTTARAKHAND,1648902.0,33.45 %,920,73.1,187.0,8817.657754010695,Good,244.0,99.59,63.99,59.03,72.26,75.92,85.14,83.19,26.8,22.04,51.01
303,NANDURBAR,MAHARASHTRA,1648295.0,25.66 %,978,64.38,362.0,4553.301104972376,Excellent,118.0,96.17,40.3,15.34,57.66,58.17,76.29,72.4,45.82,57.23,64.23
304,GAUTAM BUDDHA NAGAR,UTTAR PRADESH,1648115.0,37.11 %,851,80.12,172.0,9582.063953488372,Good,254.0,99.41,75.04,23.76,80.6,52.74,86.58,68.22,25.48,21.91,59.43
305,BHIWANI,HARYANA,1634445.0,14.70 %,886,75.21,276.0,5921.902173913043,Good,179.0,99.97,36.55,28.24,80.03,60.36,97.7,72.51,29.0,20.64,66.43
306,DAUSA,RAJASTHAN,1634409.0,24.09 %,905,68.16,378.0,4323.833333333333,Excellent,109.0,98.98,22.59,91.21,62.18,53.64,98.17,92.11,37.66,33.49,60.32
307,KAIMUR,BIHAR,1626384.0,26.17 %,920,69.34,0.0,1626384.0,Critical,361.0,98.5,48.04,34.6,75.73,60.25,92.16,,32.31,29.12,56.94
308,JANJGIR CHAMPA,CHHATTISGARH,1619707.0,22.94 %,986,73.07,310.0,5224.86129032258,Good,152.0,98.5,48.04,34.6,75.73,60.25,92.16,,32.31,29.12,56.94
309,PUDUKKOTTAI,TAMIL NADU,1618345.0,10.88 %,1015,77.19,327.0,4949.067278287462,Excellent,141.0,98.85,42.01,72.91,83.71,91.64,100.0,83.32,32.2,21.62,62.53
310,NAGAPATTINAM,TAMIL NADU,1616450.0,8.57 %,1025,83.59,328.0,4928.201219512195,Excellent,140.0,98.97,59.03,70.85,89.25,93.13,99.65,-93.77,32.28,24.33,62.64
311,RATNAGIRI,MAHARASHTRA,1615069.0,-4.82 %,1122,82.18,460.0,3511.019565217391,Excellent,70.0,99.23,58.05,16.55,87.2,78.56,97.79,-77.21,31.74,29.54,43.44
312,KAUSHAMBI,UTTAR PRADESH,1599596.0,23.70 %,908,61.28,216.0,7405.537037037037,Good,223.0,78.74,37.03,20.16,61.99,34.04,88.64,65.71,40.2,36.79,54.38
313,HAVERI,KARNATAKA,1597668.0,11.02 %,950,77.4,393.0,4065.312977099237,Excellent,100.0,99.05,60.67,28.77,71.52,58.65,97.17,95.71,29.91,34.98,50.79
314,HOSHIARPUR,PUNJAB,1586625.0,7.11 %,961,84.59,258.0,6149.709302325581,Good,192.0,99.9,77.25,27.67,92.75,59.67,98.34,-92.9,19.29,12.41,54.1
315,ETAWAH,UTTAR PRADESH,1581810.0,18.15 %,870,78.41,213.0,7426.338028169014,Good,226.0,95.66,48.63,17.94,79.66,43.71,85.21,77.67,38.77,24.33,57.38
316,SANT RAVIDAS NAGAR,UTTAR PRADESH,1578213.0,16.58 %,955,68.97,185.0,8530.881081081081,Good,246.0,98.5,48.04,34.6,75.73,60.25,92.16,,32.31,29.12,56.94
317,KALAHANDI,ORISSA,1576869.0,18.07 %,1003,59.22,305.0,5170.062295081967,Good,156.0,97.19,28.89,48.62,63.75,82.85,92.75,-91.27,32.96,33.6,64.23
318,BETUL,MADHYA PRADESH,1575362.0,12.92 %,971,68.9,385.0,4091.849350649351,Excellent,104.0,98.11,36.02,51.27,76.06,74.02,87.61,80.91,30.75,31.39,56.21
319,MAHAMAYA NAGAR,UTTAR PRADESH,1564708.0,17.12 %,871,71.59,0.0,1564708.0,Critical,361.0,94.94,46.45,10.91,68.66,27.8,80.31,71.55,39.08,24.54,58.24
320,DEWAS,MADHYA PRADESH,1563715.0,19.53 %,942,69.35,246.0,6356.565040650406,Good,201.0,99.58,50.96,35.07,67.29,49.07,92.23,87.14,36.76,30.7,51.31
321,BHARUCH,GUJARAT,1551019.0,13.16 %,925,81.51,294.0,5275.574829931973,Good,164.0,98.15,60.16,37.36,74.01,65.68,91.14,-80.02,40.87,45.48,71.77
322,RAJGARH,MADHYA PRADESH,1545814.0,23.26 %,956,61.21,269.0,5746.520446096654,Good,182.0,97.82,24.81,27.12,56.5,55.15,91.7,71.89,27.64,26.82,52.33
323,CHITTAURGARH,RAJASTHAN,1544338.0,16.08 %,972,61.71,457.0,3379.2954048140045,Excellent,72.0,99.02,31.25,90.55,57.49,75.04,96.75,87.84,31.43,25.92,45.14
324,RAJNANDGAON,CHHATTISGARH,1537133.0,19.79 %,1015,75.96,394.0,3901.352791878173,Excellent,99.0,99.3,27.44,80.82,82.41,76.07,95.49,90.98,27.6,30.97,58.27
325,KOLAR,KARNATAKA,1536401.0,10.77 %,979,74.39,338.0,4545.565088757397,Excellent,132.0,99.46,89.92,33.89,78.28,90.91,99.6,-86.28,31.09,15.67,43.6
326,JAMMU,JAMMU AND KASHMIR,1529958.0,12.74 %,880,83.45,255.0,5999.835294117647,Good,194.0,100.0,87.89,23.25,91.54,95.43,96.48,-84.06,27.04,17.63,66.63
327,KAMRUP,ASSAM,1517542.0,15.69 %,949,75.55,0.0,1517542.0,Critical,361.0,94.75,57.41,47.04,79.6,46.86,85.03,63.59,22.64,19.69,71.46
328,GURGAON,HARYANA,1514432.0,73.96 %,854,84.7,130.0,11649.476923076923,Average,284.0,99.44,80.95,34.62,87.07,48.12,96.67,-58.66,22.05,22.23,67.48
329,AMRELI,GUJARAT,1514190.0,8.63 %,964,74.25,313.0,4837.667731629393,Excellent,149.0,99.64,65.61,47.74,77.17,92.59,90.13,-60.09,35.3,30.57,50.02
330,SHAJAPUR,MADHYA PRADESH,1512681.0,17.20 %,938,69.09,151.0,10017.754966887418,Average,270.0,99.87,37.71,34.33,61.98,64.68,98.14,89.98,27.82,27.61,45.83
331,KANGRA,HIMACHAL PRADESH,1510075.0,12.77 %,1012,85.67,546.0,2765.7051282051284,Excellent,47.0,99.66,49.14,36.36,94.43,56.28,90.17,-83.88,28.0,32.0,63.39
332,DHARMAPURI,TAMIL NADU,1506843.0,16.34 %,946,68.54,274.0,5499.42700729927,Good,180.0,99.41,82.47,75.45,80.58,94.49,99.59,90.6,28.71,23.21,42.5
333,BHADRAK,ORISSA,1506337.0,12.94 %,981,82.78,239.0,6302.665271966527,Good,207.0,97.8,22.85,44.93,82.58,74.87,96.06,83.68,32.31,28.92,64.0
334,KARNAL,HARYANA,1505324.0,18.14 %,887,74.73,188.0,8007.04255319149,Good,243.0,99.24,74.08,24.59,84.46,84.71,98.96,88.85,29.16,20.53,61.89
335,PASHCHIMI SINGHBHUM,JHARKHAND,1502338.0,21.75 %,1005,58.63,375.0,4006.2346666666663,Excellent,110.0,83.3,15.53,46.71,49.83,34.86,67.91,86.96,60.61,62.38,72.57
336,RAIGARH,CHHATTISGARH,1493984.0,18.05 %,991,73.26,416.0,3591.3076923076924,Excellent,90.0,99.02,29.75,66.28,75.96,55.41,87.73,90.87,39.09,28.0,62.16
337,DEOGHAR,JHARKHAND,1492073.0,28.03 %,925,64.85,197.0,7573.97461928934,Good,238.0,95.58,23.5,53.8,54.22,30.74,61.29,54.45,41.65,36.87,70.23
338,BARGARH,ORISSA,1481255.0,10.02 %,977,74.62,266.0,5568.627819548872,Good,185.0,98.39,31.88,45.51,75.73,70.1,99.59,95.9,38.85,30.02,62.61
339,VIDISHA,MADHYA PRADESH,1458875.0,20.09 %,896,70.53,243.0,6003.600823045267,Good,204.0,98.7,31.78,48.16,68.89,54.44,90.61,77.96,36.54,34.41,38.5
340,KARAULI,RAJASTHAN,1458248.0,20.55 %,861,66.22,329.0,4432.364741641338,Excellent,139.0,98.67,24.23,86.35,54.82,42.02,97.56,88.91,37.61,37.32,61.48
341,RATLAM,MADHYA PRADESH,1455069.0,19.72 %,971,66.78,253.0,5751.260869565217,Good,196.0,98.97,53.09,37.89,63.41,65.09,95.19,93,28.99,28.6,59.5
342,SONIPAT,HARYANA,1450001.0,13.35 %,856,79.12,213.0,6807.516431924882,Good,226.0,99.33,69.93,22.36,89.13,64.07,99.7,-82.99,23.6,12.68,53.28
343,TIKAMGARH,MADHYA PRADESH,1445166.0,20.13 %,901,61.43,259.0,5579.791505791506,Good,191.0,99.7,32.13,40.48,70.63,64.15,89.8,-78.99,27.5,34.88,49.05
344,KENDRAPARA,ORISSA,1440361.0,10.63 %,1007,85.15,283.0,5089.614840989399,Good,173.0,99.54,27.91,49.96,86.74,77.1,96.66,-82.82,28.64,17.89,58.82
345,UTTARA KANNADA,KARNATAKA,1437169.0,6.17 %,979,84.06,440.0,3266.293181818182,Excellent,77.0,99.12,73.42,32.02,84.34,57.88,99.27,93.61,29.56,33.26,44.61
346,KANSHIRAM NAGAR,UTTAR PRADESH,1436719.0,16.93 %,880,61.02,0.0,1436719.0,Critical,361.0,87.22,36.63,15.08,60.6,38.09,74.81,69.19,45.11,35.53,64.59
347,TONK,RAJASTHAN,1421326.0,17.30 %,952,61.58,367.0,3872.8228882833782,Excellent,115.0,97.78,24.08,84.52,56.36,66.17,97.37,75.34,33.1,28.15,52.84
348,BASTAR,CHHATTISGARH,1413199.0,17.96 %,1023,54.4,280.0,5047.1392857142855,Good,175.0,96.8,31.56,69.28,54.62,55.07,63.54,57.33,48.09,45.22,77.2
349,JHALAWAR,RAJASTHAN,1411129.0,19.55 %,946,61.5,387.0,3646.328165374677,Excellent,103.0,99.29,33.84,93.63,56.26,72.32,98.31,81.45,34.01,38.07,51.52
350,GANDHINAGAR,GUJARAT,1391753.0,4.29 %,923,84.16,210.0,6627.395238095238,Good,229.0,97.81,76.86,29.74,81.78,71.02,97.81,-77.66,38.07,44.61,68.81
351,KOPPAL,KARNATAKA,1389920.0,16.21 %,986,68.09,237.0,5864.641350210971,Good,208.0,99.19,47.39,20.62,59.8,50.67,90.74,84.84,49.09,45.84,54.81
352,DUNGARPUR,RAJASTHAN,1388552.0,25.36 %,994,59.46,424.0,3274.8867924528304,Excellent,85.0,99.42,27.26,97.53,68.19,50.62,94.11,83.27,31.37,25.87,72.55
353,BATHINDA,PUNJAB,1388525.0,17.34 %,868,68.28,185.0,7505.540540540541,Good,246.0,100.0,78.11,20.12,72.47,48.23,93.12,-66.5,22.99,23.75,59.68
354,BARWANI,MADHYA PRADESH,1385881.0,27.57 %,982,49.08,400.0,3464.7025,Excellent,95.0,99.32,40.46,29.22,52.47,64.22,85.11,76.14,45.84,40.99,58.38
355,KORAPUT,ORISSA,1379647.0,16.86 %,1032,49.21,373.0,3698.785522788204,Excellent,112.0,96.18,31.53,54.58,41.68,79.19,82.07,97.95,43.08,33.46,58.23
356,AURAIYA,UTTAR PRADESH,1379545.0,16.91 %,864,78.95,200.0,6897.725,Good,237.0,94.01,33.69,18.44,79.26,50.37,90.11,82.51,39.74,32.58,39.13
357,SEONI,MADHYA PRADESH,1379131.0,18.22 %,982,72.12,363.0,3799.258953168044,Excellent,117.0,99.2,28.98,44.62,73.74,64.5,94.81,88.84,23.49,31.05,59.93
358,MUNGER,BIHAR,1367765.0,20.21 %,876,70.46,189.0,7236.851851851852,Good,242.0,98.41,59.39,15.24,69.5,36.79,93.24,73.4,35.45,39.47,71.35
359,RAMANATHAPURAM,TAMIL NADU,1353445.0,13.96 %,983,80.72,312.0,4337.964743589743,Excellent,150.0,99.3,82.73,69.74,86.06,88.22,99.63,90.35,26.43,21.62,53.55
360,PATAN,GUJARAT,1343734.0,13.61 %,935,72.3,353.0,3806.611898016997,Excellent,124.0,98.29,62.62,50.17,71.08,79.81,98.55,80.99,50.51,42.25,59.76
361,MANDSAUR,MADHYA PRADESH,1340411.0,13.24 %,963,71.78,247.0,5426.765182186235,Good,200.0,99.93,45.57,48.43,67.21,60.78,99.35,75.11,30.93,22.87,56.65
362,SIVAGANGA,TAMIL NADU,1339101.0,15.90 %,1003,79.85,344.0,3892.735465116279,Excellent,128.0,99.42,75.15,67.72,88.03,90.89,100.0,-89.43,27.62,28.37,51.52
363,SAWAI MADHOPUR,RAJASTHAN,1335551.0,19.56 %,897,65.39,322.0,4147.673913043478,Excellent,145.0,95.52,29.1,80.54,57.35,47.31,97.4,54.85,26.93,24.19,57.48
364,JIND,HARYANA,1334152.0,12.13 %,871,71.44,197.0,6772.345177664975,Good,238.0,99.98,42.11,23.68,83.56,49.63,98.68,77.54,25.48,22.86,59.61
365,RAISEN,MADHYA PRADESH,1331597.0,18.35 %,901,72.98,233.0,5715.008583690988,Good,211.0,99.32,38.91,40.98,78.63,56.59,96.03,*,30.38,25.38,56.86
366,NAVSARI,GUJARAT,1329672.0,8.15 %,961,83.88,349.0,3809.948424068768,Excellent,125.0,98.65,70.17,41.96,84.05,94.69,99.26,94.99,36.83,43.59,68.71
367,TINSUKIA,ASSAM,1327929.0,15.47 %,952,69.66,177.0,7502.423728813559,Good,250.0,95.7,40.87,60.02,70.51,63.14,82.63,-75.03,32.82,32.15,72.84
368,DIBRUGARH,ASSAM,1326335.0,11.92 %,961,76.05,242.0,5480.723140495868,Good,205.0,94.38,44.74,58.82,76.58,75.64,93.09,-83.84,27.33,31.96,70.79
369,GARHWA,JHARKHAND,1322784.0,27.75 %,935,60.33,136.0,9726.35294117647,Good,279.0,84.99,24.74,55.27,62.74,29.78,83.98,77.16,47.7,40.57,62.69
370,GONDIYA,MAHARASHTRA,1322507.0,10.14 %,999,84.95,292.0,4529.133561643836,Excellent,166.0,98.22,68.01,30.6,87.52,66.2,99.14,-88.22,36.94,35.58,60.42
371,DUMKA,JHARKHAND,1321442.0,19.42 %,977,61.02,295.0,4479.464406779661,Excellent,163.0,93.19,18.09,45.37,55.62,39.27,60.27,78.9,38.17,44.89,73.42
372,GODDA,JHARKHAND,1313551.0,25.35 %,938,56.4,200.0,6567.755,Good,237.0,93.49,19.67,45.91,50.44,39.22,70.22,63.93,39.37,40.72,66.27
373,SEHORE,MADHYA PRADESH,1311332.0,21.54 %,918,70.06,197.0,6656.507614213198,Good,238.0,99.16,33.73,33.24,69.68,44.97,94.67,60.33,21.87,27.57,45.34
374,EAST NIMAR,MADHYA PRADESH,1310061.0,21.50 %,943,66.39,0.0,1310061.0,Critical,361.0,98.5,48.04,34.6,75.73,60.25,92.16,,32.31,29.12,56.94
375,KASARAGOD,KERALA,1307375.0,8.58 %,1080,90.09,313.0,4176.916932907348,Excellent,149.0,99.46,73.5,44.01,95.91,91.18,100.0,92.45,25.34,21.42,35.35
376,BAGHPAT,UTTAR PRADESH,1303048.0,11.95 %,861,72.01,0.0,1303048.0,Critical,361.0,98.54,51.47,12.45,78.13,42.36,80.86,83.87,25.49,25.97,53.3
377,WARDHA,MAHARASHTRA,1300774.0,5.18 %,946,86.99,218.0,5966.853211009175,Good,221.0,98.81,83.86,27.06,92.95,70.37,98.79,-92.39,27.65,31.34,59.99
378,SIRSA,HARYANA,1295189.0,15.99 %,897,68.82,178.0,7276.342696629214,Good,249.0,99.89,38.82,26.64,73.12,61.91,99.34,*,24.98,23.44,61.89
379,KATNI,MADHYA PRADESH,1292042.0,21.41 %,952,71.98,213.0,6065.924882629108,Good,226.0,97.88,29.53,18.13,72.03,52.88,91.75,-85.95,49.52,43.95,58.65
380,ANUGUL,ORISSA,1273821.0,11.74 %,943,77.53,210.0,6065.814285714286,Good,229.0,96.69,23.8,63.06,74.63,83.65,85.71,86.98,28.06,30.47,75.78
381,THIRUVARUR,TAMIL NADU,1264277.0,8.11 %,1017,82.86,252.0,5016.972222222223,Good,197.0,98.6,58.94,75.24,91.21,92.33,100.0,-97.05,19.75,21.5,58.2
382,DAMOH,MADHYA PRADESH,1264219.0,16.63 %,910,69.73,217.0,5825.894009216589,Good,222.0,97.28,28.08,21.56,68.29,46.43,84.98,60.78,40.26,32.29,48.07
383,CHIKKABALLAPURA,KARNATAKA,1255104.0,9.23 %,972,69.76,0.0,1255104.0,Critical,361.0,99.88,89.35,26.12,76.32,90.52,98.97,-76.64,31.32,25.15,45.53
384,KAMRUP METROPOLITAN,ASSAM,1253938.0,18.34 %,936,88.71,0.0,1253938.0,Critical,361.0,99.24,85.06,45.5,86.01,68.86,89.11,-53.57,25.36,25.0,74.61
385,THENI,TAMIL NADU,1245899.0,13.89 %,991,77.26,210.0,5932.852380952381,Good,229.0,99.4,89.94,67.35,86.94,98.65,100.0,95.18,20.22,18.83,41.16
386,GUNA,MADHYA PRADESH,1241519.0,26.97 %,912,63.23,206.0,6026.791262135922,Good,232.0,98.28,34.49,43.09,56.77,68.34,97.98,78.78,31.88,25.06,49.78
387,HOSHANGABAD,MADHYA PRADESH,1241350.0,14.49 %,914,75.29,201.0,6175.87064676617,Good,236.0,97.22,47.31,28.62,73.55,31.46,91.75,73.45,34.84,27.23,51.88
388,SRINAGAR,JAMMU AND KASHMIR,1236829.0,20.35 %,900,69.41,123.0,10055.520325203252,Average,289.0,100.0,98.44,17.87,78.42,85.12,99.21,-90.93,32.96,15.78,51.65
389,KARIMGANJ,ASSAM,1228686.0,21.90 %,963,78.22,225.0,5460.826666666667,Good,216.0,87.07,39.61,64.44,80.66,42.78,76.35,75.05,29.09,52.88,52.01
390,BARAN,RAJASTHAN,1222755.0,19.68 %,929,66.66,333.0,3671.936936936937,Excellent,136.0,98.31,39.59,89.48,59.74,79.31,97.28,89.25,45.95,40.2,60.07
391,LALITPUR,UTTAR PRADESH,1221592.0,24.94 %,906,63.52,230.0,5311.269565217392,Good,214.0,94.05,20.32,11.74,61.33,45.7,90.79,70.77,46.61,34.84,38.07
392,NABARANGAPUR,ORISSA,1220946.0,19.03 %,1019,46.43,341.0,3580.4868035190616,Excellent,130.0,97.35,19.02,48.41,40.95,87.67,87.56,94.84,44.11,46.61,69.25
393,YAMUNANAGAR,HARYANA,1214205.0,16.57 %,877,77.99,151.0,8041.092715231788,Good,270.0,99.76,77.71,20.62,87.05,66.42,94.79,82.88,27.73,23.08,56.57
394,KORBA,CHHATTISGARH,1206640.0,19.25 %,969,72.37,331.0,3645.4380664652567,Excellent,138.0,97.93,35.49,60.56,77.59,49.34,75.4,-68.37,34.66,27.92,66.43
395,DHAULPUR,RAJASTHAN,1206516.0,22.71 %,846,69.08,266.0,4535.774436090225,Excellent,185.0,97.51,36.45,89.02,59.91,42.43,94.42,85.89,45.69,31.31,68.48
396,PANIPAT,HARYANA,1205437.0,24.60 %,864,75.94,122.0,9880.631147540984,Good,290.0,99.6,72.95,26.48,85.89,49.2,97.1,80.62,25.13,18.91,66.88
397,BHANDARA,MAHARASHTRA,1200334.0,5.65 %,982,83.76,235.0,5107.804255319149,Good,210.0,98.83,71.4,29.96,89.09,78.97,100.0,-86.96,31.25,33.85,65.33
398,PATHANAMTHITTA,KERALA,1197412.0,-2.97 %,1132,96.55,328.0,3650.6463414634154,Excellent,140.0,99.63,60.12,50.11,99.66,83.91,99.07,*,22.67,11.16,36.41
399,WASHIM,MAHARASHTRA,1197160.0,17.34 %,930,83.25,186.0,6436.344086021505,Good,245.0,97.16,61.35,24.12,77.95,59.97,92.94,71.58,35.32,39.3,56.35
400,DHENKANAL,ORISSA,1192811.0,11.80 %,947,78.76,216.0,5522.273148148148,Good,223.0,96.28,28.78,55.16,77.05,75.79,94.81,-88.6,33.31,30.0,65.93
401,SINGRAULI,MADHYA PRADESH,1178273.0,28.05 %,920,60.41,0.0,1178273.0,Critical,361.0,92.7,31.67,58.46,65.36,58.07,69.85,76.92,37.29,36.02,54.11
402,UDUPI,KARNATAKA,1177361.0,5.85 %,1094,86.24,393.0,2995.82951653944,Excellent,100.0,99.57,67.77,50.87,90.26,59.4,98.88,89.93,23.12,21.02,47.27
403,HINGOLI,MAHARASHTRA,1177345.0,19.27 %,942,78.17,162.0,7267.561728395061,Good,263.0,98.13,53.1,14.66,76.54,66.61,94.04,76.88,37.39,38.86,51.26
404,YADGIR,KARNATAKA,1174271.0,22.81 %,989,51.83,220.0,5337.595454545454,Good,220.0,99.04,48.79,16.74,48.05,63.59,93.34,82.63,57.6,45.24,57.3
405,RAJSAMAND,RAJASTHAN,1156597.0,17.18 %,990,63.14,305.0,3792.12131147541,Excellent,156.0,98.86,37.09,93.22,69.74,60.68,95.1,71.67,30.29,23.74,58.37
406,SIVASAGAR,ASSAM,1151050.0,9.44 %,954,80.41,0.0,1151050.0,Critical,361.0,97.03,45.54,60.66,86.64,80.89,95.25,-77.62,26.1,25.93,67.6
407,SAHIBGANJ,JHARKHAND,1150567.0,24.01 %,952,52.04,156.0,7375.429487179487,Good,267.0,91.59,17.43,34.77,54.86,36.17,64.69,66.03,49.06,44.84,71.51
408,CHIKMAGALUR,KARNATAKA,1137961.0,-0.26 %,1008,79.25,470.0,2421.1936170212766,Excellent,68.0,99.29,78.97,29.97,82.89,74.3,98.39,-91.02,27.27,25.44,40.79
409,JAGATSINGHAPUR,ORISSA,1136971.0,7.50 %,968,86.59,0.0,1136971.0,Critical,361.0,98.24,30.49,56.84,86.28,82.6,98.31,-91.27,13.16,10.97,59.82
410,AMBALA,HARYANA,1128350.0,11.23 %,885,81.75,135.0,8358.148148148148,Good,280.0,99.61,81.59,18.99,88.85,57.39,97.83,79.33,24.11,13.73,46.06
411,SIDHI,MADHYA PRADESH,1127033.0,23.72 %,957,64.43,251.0,4490.171314741036,Excellent,198.0,96.37,20.86,26.12,71.7,39.35,83.79,78.17,39.08,32.79,55.66
412,JEHANABAD,BIHAR,1125313.0,21.68 %,922,66.8,91.0,12366.076923076924,Average,307.0,99.27,34.25,13.18,63.18,17.43,89.11,70.27,41.25,51.74,68.05
413,TARN TARAN,PUNJAB,1119627.0,19.23 %,900,67.81,171.0,6547.526315789473,Good,255.0,99.65,66.21,24.96,68.61,60.25,95.97,81.79,23.77,14.37,61.73
414,SHRAWASTI,UTTAR PRADESH,1117361.0,-5.02 %,881,46.74,141.0,7924.54609929078,Good,276.0,73.65,36.94,13.49,40.75,42.35,80.42,59.61,50.93,40.76,44.41
415,BUNDI,RAJASTHAN,1110906.0,15.40 %,925,61.52,254.0,4373.645669291339,Excellent,195.0,98.41,26.45,87.66,57.88,73.99,95.25,75.72,29.99,29.12,55.85
416,IDUKKI,KERALA,1108974.0,-1.79 %,1006,91.99,366.0,3029.983606557377,Excellent,116.0,98.95,54.29,58.1,94.38,74.25,100.0,-89.64,24.25,23.55,32.02
417,HAMIRPUR,UTTAR PRADESH,1104285.0,5.80 %,861,68.77,260.0,4247.25,Excellent,190.0,94.61,29.0,21.91,73.23,43.24,96.28,77.13,48.02,36.28,46.11
418,JORHAT,ASSAM,1092256.0,9.31 %,962,82.15,152.0,7185.894736842105,Good,269.0,95.05,48.31,60.05,85.09,66.95,96.49,69.16,38.68,33.17,71.83
419,NARSIMHAPUR,MADHYA PRADESH,1091854.0,14.01 %,920,75.69,0.0,1091854.0,Critical,361.0,99.01,36.68,49.35,73.61,74.19,91.37,82.66,32.0,28.1,46.85
420,MEWAT,HARYANA,1089263.0,37.93 %,907,54.08,104.0,10473.682692307691,Average,298.0,98.63,22.01,11.49,45.06,45.88,74.63,53.77,44.38,37.31,60.57
421,RAMANAGARA,KARNATAKA,1082636.0,5.05 %,976,69.22,0.0,1082636.0,Critical,361.0,99.61,91.98,35.71,82.67,88.74,100.0,-100,15.62,19.8,45.46
422,ANANTNAG,JAMMU AND KASHMIR,1078692.0,38.58 %,927,62.69,174.0,6199.379310344828,Good,252.0,98.71,76.46,7.27,74.66,80.91,90.47,-83.33,28.16,28.33,74.29
423,KAITHAL,HARYANA,1074304.0,13.55 %,881,69.15,171.0,6282.479532163743,Good,255.0,99.99,55.91,29.08,73.95,68.77,98.21,-74.26,29.89,29.86,61.52
424,GADCHIROLI,MAHARASHTRA,1072942.0,10.58 %,982,74.36,434.0,2472.216589861752,Excellent,81.0,95.81,60.53,33.28,79.35,86.76,97.33,-97.87,35.71,35.41,66.16
425,GOLAGHAT,ASSAM,1066888.0,12.75 %,964,77.43,165.0,6465.987878787879,Good,260.0,96.37,33.12,69.34,75.12,65.74,90.36,-72.4,26.28,25.5,77.15
426,SHAHDOL,MADHYA PRADESH,1066063.0,17.39 %,974,66.67,296.0,3601.564189189189,Excellent,162.0,97.48,26.54,58.42,72.07,57.38,85.63,86.13,43.97,39.17,56.41
427,SARAIKELA KHARSAWAN,JHARKHAND,1065056.0,25.47 %,956,67.7,0.0,1065056.0,Critical,361.0,98.5,48.04,34.6,75.73,60.25,92.16,,32.31,29.12,56.94
428,GADAG,KARNATAKA,1064570.0,9.54 %,982,75.12,235.0,4530.085106382979,Excellent,210.0,98.6,56.27,28.27,70.67,68.68,96.19,74.26,45.15,39.78,50.47
429,KARUR,TAMIL NADU,1064493.0,13.77 %,1015,75.6,213.0,4997.619718309859,Excellent,226.0,98.69,72.46,74.6,80.47,95.7,100.0,-82.47,33.61,36.28,65.04
430,ROHTAK,HARYANA,1061204.0,12.88 %,867,80.22,161.0,6591.329192546584,Good,264.0,99.65,67.27,24.78,88.53,72.28,97.39,77.42,28.86,22.06,65.29
431,CHANDIGARH,CHANDIGARH,1055450.0,17.19 %,818,86.05,63.0,16753.174603174604,Average,327.0,99.85,95.81,32.23,82.96,78.74,96.87,-80.93,25.3,20.56,60.3
432,MANDLA,MADHYA PRADESH,1054905.0,17.97 %,1008,66.87,355.0,2971.56338028169,Excellent,122.0,96.82,22.3,42.64,69.07,54.42,87.61,88.87,32.05,32.99,60.62
433,CHATRA,JHARKHAND,1042886.0,31.77 %,953,60.18,108.0,9656.351851851852,Good,297.0,92.13,20.43,46.51,61.81,32.36,71.52,71.65,42.16,39.77,55.96
434,PALWAL,HARYANA,1042708.0,25.76 %,880,69.32,119.0,8762.252100840336,Good,291.0,98.86,34.62,23.51,71.14,53.41,78.34,69.03,30.95,21.02,57.18
435,LAKHIMPUR,ASSAM,1042137.0,17.22 %,968,77.2,170.0,6130.217647058824,Good,256.0,97.21,36.07,66.97,83.86,51.67,96.16,69.04,38.5,34.36,65.42
436,SAMBALPUR,ORISSA,1041099.0,11.27 %,976,76.22,213.0,4887.788732394366,Excellent,226.0,98.84,42.56,49.32,76.55,88.95,99.52,-97.97,40.71,36.34,66.67
437,SIROHI,RAJASTHAN,1036346.0,21.76 %,940,55.25,267.0,3881.445692883895,Excellent,184.0,93.93,45.96,91.96,62.22,69.52,95.71,86.36,30.66,31.18,64.03
438,MAHASAMUND,CHHATTISGARH,1032754.0,20.05 %,1017,71.02,258.0,4002.922480620155,Excellent,192.0,98.4,30.38,76.17,72.62,65.79,92.89,82.08,36.82,25.81,63.03
439,GUMLA,JHARKHAND,1025213.0,23.16 %,993,65.73,256.0,4004.73828125,Excellent,193.0,89.08,19.13,51.67,69.27,49.29,83.76,85.28,40.23,38.71,59.48
440,JHABUA,MADHYA PRADESH,1025048.0,30.70 %,990,43.3,312.0,3285.4102564102564,Excellent,150.0,98.88,17.46,43.7,38.6,63.61,92.85,88.88,49.33,41.66,58.81
441,CHAMARAJANAGAR,KARNATAKA,1020791.0,5.73 %,993,61.43,0.0,1020791.0,Critical,361.0,98.65,88.96,34.37,72.36,84.11,100.0,-93.33,32.21,28.73,46.32
442,PANNA,MADHYA PRADESH,1016520.0,18.67 %,905,64.79,191.0,5322.094240837696,Good,241.0,95.79,22.1,12.56,62.94,30.87,84.04,64.47,45.07,39.24,59.04
443,GOALPARA,ASSAM,1008183.0,22.64 %,964,67.37,179.0,5632.307262569832,Good,248.0,89.56,36.26,71.13,74.06,44.06,92.34,70.32,38.92,35.4,64.88
444,BARAMULA,JAMMU AND KASHMIR,1008039.0,19.45 %,885,64.63,224.0,4500.174107142857,Excellent,217.0,98.71,76.48,6.53,67.89,75.19,96.24,73.7,23.15,17.31,72.47
445,LAKHISARAI,BIHAR,1000912.0,24.77 %,902,62.42,122.0,8204.196721311475,Good,290.0,97.98,42.56,15.06,57.89,28.04,75.78,68.93,42.66,45.05,72.55
446,MANDI,HIMACHAL PRADESH,999777.0,10.92 %,1007,81.53,416.0,2403.310096153846,Excellent,90.0,99.5,38.59,41.33,93.96,70.25,86.58,-94.12,31.34,21.29,48.85
447,MOGA,PUNJAB,995746.0,11.28 %,893,70.68,154.0,6465.883116883117,Good,268.0,99.87,71.49,23.65,76.0,58.43,93.04,-80.58,22.02,16.8,54.38
448,MOHALI,PUNJAB,994628.0,33.15 %,879,83.8,0.0,994628.0,Critical,361.0,98.5,48.04,34.6,75.73,60.25,92.16,,32.31,29.12,56.94
449,CHITRAKOOT,UTTAR PRADESH,991730.0,29.43 %,879,65.05,169.0,5868.224852071006,Good,257.0,91.99,31.17,17.36,62.11,30.25,81.06,63.69,47.45,41.78,46.57
450,BANGALORE RURAL,KARNATAKA,990923.0,16.45 %,946,77.93,252.0,3932.234126984127,Excellent,197.0,99.22,93.56,34.88,83.81,90.92,100.0,92.67,36.57,23.84,44.24
451,RAYAGADA,ORISSA,967911.0,16.46 %,1051,49.76,286.0,3384.304195804196,Excellent,170.0,96.56,30.17,45.45,45.07,85.26,68.9,92.73,43.55,39.81,69.14
452,KURUKSHETRA,HARYANA,964655.0,16.86 %,888,76.31,148.0,6517.939189189189,Good,272.0,99.59,77.58,19.19,83.92,59.75,98.36,69.77,24.92,22.5,57.08
453,NAYAGARH,ORISSA,962789.0,11.37 %,915,80.42,216.0,4457.356481481482,Excellent,223.0,98.32,42.27,49.28,81.86,90.27,98.29,-96.07,20.0,20.16,62.53
454,JHAJJAR,HARYANA,958405.0,8.90 %,862,80.65,176.0,5445.482954545455,Good,251.0,99.84,55.9,26.99,89.14,60.13,97.2,90.86,15.59,9.67,60.14
455,MORIGAON,ASSAM,957423.0,23.34 %,967,68.03,0.0,957423.0,Critical,361.0,89.48,37.56,62.52,78.68,41.95,88.3,73.39,43.23,30.46,64.24
456,KARBI ANGLONG,ASSAM,956313.0,17.58 %,951,69.25,140.0,6830.807142857143,Good,277.0,97.02,33.39,54.09,78.78,63.93,74.87,64.32,31.61,28.24,58.97
457,NAINITAL,UTTARAKHAND,954605.0,25.13 %,934,83.88,171.0,5582.485380116959,Good,255.0,99.05,71.56,60.79,85.4,59.74,81.23,74.05,23.15,14.84,34.53
458,PUDUCHERRY,PUDUCHERRY,950289.0,29.23 %,1029,85.44,0.0,950289.0,Critical,361.0,99.97,95.01,31.32,91.7,86.96,99.54,-80.06,16.96,13.09,56.78
459,BAKSA,ASSAM,950075.0,10.74 %,974,69.25,195.0,4872.179487179487,Excellent,239.0,98.09,35.18,68.99,74.8,56.01,89.88,70.46,41.17,33.98,73.56
460,RAMGARH,JHARKHAND,949443.0,13.10 %,921,73.17,67.0,14170.79104477612,Average,325.0,98.4,33.15,49.67,72.73,40.92,78.98,81.78,35.25,35.28,62.26
461,FATEHABAD,HARYANA,942011.0,16.85 %,902,67.92,158.0,5962.094936708861,Good,266.0,99.77,43.74,29.43,73.2,60.08,97.94,90.73,24.62,26.55,62.3
462,DARRANG,ASSAM,928500.0,22.19 %,954,63.08,163.0,5696.319018404908,Good,262.0,89.5,30.11,53.65,75.55,37.48,84.41,57.12,42.04,33.05,70.39
463,MAHENDRAGARH,HARYANA,922088.0,13.48 %,895,77.72,165.0,5588.412121212121,Good,260.0,99.6,34.16,25.61,82.73,55.2,98.91,73.86,25.15,15.35,61.22
464,MUKTSAR,PUNJAB,901896.0,16.00 %,896,65.81,131.0,6884.702290076336,Good,283.0,99.53,72.9,23.86,72.73,57.87,96.39,-57.58,35.0,30.72,60.95
465,PAKUR,JHARKHAND,900422.0,28.33 %,989,48.82,0.0,900422.0,Critical,361.0,91.74,16.94,52.45,46.68,26.64,64.6,69.43,51.26,51.4,79.72
466,REWARI,HARYANA,900332.0,17.64 %,898,80.99,141.0,6385.333333333333,Good,276.0,100.0,54.92,25.33,87.41,63.78,98.71,79.33,25.93,20.46,61.84
467,NORTH DELHI,DELHI,887978.0,13.62 %,869,86.85,0.0,887978.0,Critical,361.0,98.5,48.04,34.6,75.73,60.25,92.16,,32.31,29.12,56.94
468,KOKRAJHAR,ASSAM,887142.0,5.21 %,959,65.22,203.0,4370.15763546798,Excellent,234.0,93.94,43.32,50.18,73.73,36.93,81.91,51.06,34.62,35.15,59.45
469,SOUTH TRIPURA,TRIPURA,876001.0,14.15 %,957,84.66,173.0,5063.589595375723,Good,253.0,95.88,29.44,37.28,80.25,58.42,89.72,-48.45,25.53,21.64,66.51
470,MAHOBA,UTTAR PRADESH,875958.0,23.64 %,878,65.27,173.0,5063.341040462427,Good,253.0,95.93,28.17,16.23,69.65,46.24,96.32,70.68,42.28,33.42,49.37
471,KUPWARA,JAMMU AND KASHMIR,870354.0,33.82 %,835,64.51,243.0,3581.703703703704,Excellent,204.0,99.29,61.99,10.36,76.01,89.24,97.06,93.19,24.89,25.52,73.46
472,PRATAPGARH,RAJASTHAN,867848.0,22.78 %,983,55.97,237.0,3661.805907172996,Excellent,208.0,96.97,23.01,84.47,55.36,52.93,96.35,75.82,29.02,31.82,53.14
473,JASHPUR,CHHATTISGARH,851669.0,14.60 %,1005,67.92,300.0,2838.8966666666665,Excellent,159.0,98.22,14.76,80.58,75.08,48.57,85.62,94.19,35.82,33.58,61.47
474,SINDHUDURG,MAHARASHTRA,849651.0,-2.21 %,1036,85.56,298.0,2851.1778523489934,Excellent,161.0,99.38,66.03,13.23,92.07,73.35,100.0,-76.33,30.83,32.04,41.24
475,ASHOKNAGAR,MADHYA PRADESH,845071.0,22.66 %,904,66.42,0.0,845071.0,Critical,361.0,98.59,20.3,34.22,61.25,57.92,91.32,69.12,32.56,31.07,46.13
476,UDALGURI,ASSAM,831668.0,9.61 %,973,65.41,144.0,5775.472222222223,Good,275.0,95.53,34.02,70.57,70.02,49.81,86.15,-38.25,33.78,32.54,81.49
477,NEEMUCH,MADHYA PRADESH,826067.0,13.77 %,954,70.8,140.0,5900.478571428572,Good,277.0,99.55,52.39,43.34,68.45,60.58,97.5,88.67,33.0,27.65,50.29
478,EAST KHASI HILLS,MEGHALAYA,825922.0,24.96 %,1011,84.15,131.0,6304.748091603054,Good,283.0,96.59,47.38,47.09,93.74,57.45,63.41,49.12,44.64,23.82,48.19
479,KABIRDHAM,CHHATTISGARH,822526.0,40.71 %,996,60.85,0.0,822526.0,Critical,361.0,98.5,48.04,34.6,75.73,60.25,92.16,,32.31,29.12,56.94
480,NORTH GOA,GOA,818008.0,7.84 %,963,89.57,128.0,6390.6875,Good,286.0,100.0,96.69,64.83,92.37,91.29,99.57,-78.64,24.17,25.84,39.97
481,WAYANAD,KERALA,817420.0,4.71 %,1035,89.03,240.0,3405.9166666666665,Excellent,206.0,96.96,55.73,64.75,93.72,94.19,100.0,-86.37,31.33,22.5,26.94
482,KAPURTHALA,PUNJAB,815168.0,8.04 %,912,79.07,129.0,6319.131782945737,Good,285.0,99.77,84.18,20.68,85.3,51.37,95.03,65.65,24.59,19.17,54.53
483,SHIMLA,HIMACHAL PRADESH,814010.0,12.67 %,915,83.64,356.0,2286.544943820225,Excellent,121.0,100.0,78.02,37.07,93.36,85.31,92.23,-96.53,27.07,14.93,46.49
484,TAPI,GUJARAT,807022.0,12.14 %,1007,68.26,279.0,2892.5519713261647,Excellent,176.0,97.56,45.5,42.32,72.02,90.96,92.93,-97.54,41.68,51.78,77.38
485,DHAMTARI,CHHATTISGARH,799781.0,13.19 %,1010,78.36,214.0,3737.294392523365,Excellent,225.0,99.9,30.89,86.83,83.69,70.4,94.25,-80.61,30.45,28.92,59.57
486,JAMTARA,JHARKHAND,791042.0,21.12 %,954,64.59,149.0,5309.006711409396,Good,271.0,92.22,20.25,62.91,57.37,35.98,75.37,78.82,41.92,46.17,77.65
487,DATIA,MADHYA PRADESH,786754.0,18.46 %,873,72.63,126.0,6244.079365079365,Good,287.0,99.77,31.2,30.87,71.16,54.16,89.44,79.61,36.77,29.42,58.63
488,NALBARI,ASSAM,771639.0,11.99 %,949,78.63,158.0,4883.791139240507,Excellent,266.0,94.74,51.07,52.52,83.88,55.9,91.82,-65.52,27.49,26.69,66.37
489,MANSA,PUNJAB,769751.0,11.76 %,883,61.83,125.0,6158.008,Good,288.0,99.54,52.28,18.42,69.39,49.42,88.77,79.08,36.62,22.67,60.41
490,BURHANPUR,MADHYA PRADESH,757847.0,19.37 %,951,64.36,132.0,5741.265151515152,Good,282.0,98.33,68.19,42.18,67.6,63.1,90.72,91.67,38.72,47.17,57.33
491,ARIYALUR,TAMIL NADU,754894.0,8.54 %,1015,71.34,159.0,4747.761006289308,Excellent,265.0,98.22,46.69,71.13,77.44,91.43,100.0,-90.75,25.33,20.07,62.42
492,BADGAM,JAMMU AND KASHMIR,753745.0,24.14 %,894,56.08,215.0,3505.7906976744184,Excellent,224.0,99.47,71.12,5.22,74.12,66.5,96.47,-92.53,26.81,20.64,73.89
493,ANUPPUR,MADHYA PRADESH,749237.0,12.30 %,976,67.88,213.0,3517.544600938967,Excellent,226.0,97.01,21.66,52.75,74.95,63.55,84.8,86.57,24.04,30.67,52.56
494,KANKER,CHHATTISGARH,748941.0,15.06 %,1006,70.29,293.0,2556.1126279863483,Excellent,165.0,98.5,48.04,34.6,75.73,60.25,92.16,,32.31,29.12,56.94
495,BONGAIGAON,ASSAM,738804.0,20.59 %,966,69.74,99.0,7462.666666666667,Good,300.0,96.96,49.84,57.6,75.76,33.91,84.53,67.93,46.2,35.32,70.63
496,THE NILGIRIS,TAMIL NADU,735394.0,-3.51 %,1042,85.2,0.0,735394.0,Critical,361.0,98.61,81.47,74.54,90.62,92.46,100.0,-90.11,26.66,23.23,44.17
497,KANDHAMAL,ORISSA,733110.0,13.10 %,1037,64.13,228.0,3215.394736842105,Excellent,215.0,96.55,24.07,54.49,70.32,81.1,93.94,96.82,34.15,35.22,48.91
498,ALIRAJPUR,MADHYA PRADESH,728999.0,19.45 %,1011,36.1,202.0,3608.9059405940593,Excellent,235.0,98.51,17.37,42.53,42.13,54.71,83.17,84.13,34.6,31.56,60.46
499,LATEHAR,JHARKHAND,726978.0,29.61 %,967,59.51,112.0,6490.875,Good,294.0,88.96,14.23,52.23,58.74,43.12,70.29,74.98,40.1,39.38,63.58
500,KODARMA,JHARKHAND,716259.0,43.42 %,950,66.84,79.0,9066.569620253164,Good,317.0,97.12,35.83,56.77,66.91,47.61,91.33,73.84,34.57,31.65,64.9
501,DINDORI,MADHYA PRADESH,704524.0,21.32 %,1002,63.9,245.0,2875.6081632653063,Excellent,202.0,97.41,12.14,47.23,66.79,56.5,77.62,80.33,38.91,33.61,65.16
502,ARWAL,BIHAR,700843.0,18.89 %,928,67.43,97.0,7225.18556701031,Good,302.0,97.35,29.3,15.55,62.54,34.51,79.16,84.22,45.62,52.94,66.85
503,NORTH TRIPURA,TRIPURA,693947.0,17.44 %,967,87.5,113.0,6141.123893805309,Good,293.0,96.21,41.6,28.65,83.12,67.1,85.36,69.59,26.24,32.15,69.25
504,SHEOPUR,MADHYA PRADESH,687861.0,22.94 %,901,57.43,130.0,5291.238461538462,Good,284.0,98.02,22.92,27.11,54.76,41.01,84.16,65.79,45.75,37.67,64.91
505,PAURI GARHWAL,UTTARAKHAND,687271.0,-1.41 %,1103,82.02,0.0,687271.0,Critical,361.0,98.5,48.04,34.6,75.73,60.25,92.16,,32.31,29.12,56.94
506,DHEMAJI,ASSAM,686133.0,19.97 %,953,72.7,112.0,6126.1875,Good,294.0,95.01,21.57,66.83,81.47,62.16,87.25,89.71,37.18,25.67,62.88
507,RUPNAGAR,PUNJAB,684627.0,8.87 %,915,82.19,109.0,6280.981651376147,Good,296.0,99.8,63.92,37.75,88.93,65.23,97.76,-76.47,15.05,15.28,64.49
508,JAISALMER,RAJASTHAN,669919.0,31.81 %,852,57.22,168.0,3987.613095238096,Excellent,258.0,97.3,30.86,93.66,63.53,47.59,90.01,72.02,25.5,31.66,44.44
509,HAILAKANDI,ASSAM,659296.0,21.45 %,951,74.33,113.0,5834.477876106194,Good,293.0,91.22,35.23,53.63,82.19,43.13,83.03,68.62,42.86,42.44,61.36
510,KOREA,CHHATTISGARH,658917.0,12.38 %,968,70.64,0.0,658917.0,Critical,361.0,98.5,48.04,34.6,75.73,60.25,92.16,,32.31,29.12,56.94
511,SHEOHAR,BIHAR,656246.0,27.19 %,893,53.78,23.0,28532.434782608696,Poor,350.0,97.63,31.3,18.12,52.5,25.33,74.27,62.91,34.44,42.24,61.64
512,UMARIA,MADHYA PRADESH,644758.0,24.96 %,950,65.89,140.0,4605.414285714286,Excellent,277.0,98.17,26.86,19.86,67.66,48.86,92.19,90.64,45.25,36.57,51.46
513,WEST GARO HILLS,MEGHALAYA,643291.0,24.09 %,984,67.58,89.0,7227.988764044944,Good,309.0,94.74,47.56,77.86,88.99,48.03,89.63,-77.05,39.5,26.26,55.34
514,RAJOURI,JAMMU AND KASHMIR,642415.0,32.93 %,860,68.17,207.0,3103.454106280193,Excellent,231.0,99.95,42.76,16.41,79.41,71.86,88.81,94.99,30.27,32.43,60.64
515,SOUTH GOA,GOA,640537.0,8.73 %,986,87.59,125.0,5124.296,Good,288.0,100.0,96.24,67.7,93.76,96.04,100.0,*,28.31,21.04,37.63
516,SHEIKHPURA,BIHAR,636342.0,21.09 %,930,63.86,110.0,5784.927272727273,Good,295.0,97.27,40.25,9.74,55.01,28.35,89.2,82.75,53.55,37.64,69.52
517,ALMORA,UTTARAKHAND,622506.0,-1.28 %,1139,80.47,225.0,2766.693333333333,Excellent,216.0,99.88,35.85,65.98,88.02,44.33,80.1,-85.13,26.01,22.87,33.44
518,TEHRI GARHWAL,UTTARAKHAND,618931.0,2.35 %,1077,76.36,249.0,2485.6666666666665,Excellent,199.0,99.9,34.88,71.17,75.54,48.89,82.15,83,29.3,20.72,42.22
519,FARIDKOT,PUNJAB,617508.0,12.09 %,890,69.55,80.0,7718.85,Good,316.0,99.02,79.07,20.42,75.3,53.44,94.29,70.83,28.13,20.73,63.22
520,KATHUA,JAMMU AND KASHMIR,616435.0,20.53 %,890,73.09,211.0,2921.4928909952605,Excellent,228.0,99.65,68.49,6.96,87.65,31.61,97.08,-100,21.8,25.87,53.59
521,MALKANGIRI,ORISSA,613192.0,21.62 %,1020,48.54,195.0,3144.574358974359,Excellent,239.0,95.77,20.86,47.0,41.29,82.77,90.66,94.81,44.33,41.63,71.92
522,SHAHID BHAGAT SINGH NAGAR,PUNJAB,612310.0,4.23 %,954,79.78,0.0,612310.0,Critical,361.0,100.0,76.37,23.29,89.94,60.45,99.33,-100,17.91,11.2,49.78
523,NUAPADA,ORISSA,610382.0,15.02 %,1021,57.35,119.0,5129.26050420168,Good,291.0,94.58,23.23,45.3,57.19,71.65,89.8,97,43.07,38.02,64.02
524,SUBARNAPUR,ORISSA,610183.0,12.61 %,960,74.42,0.0,610183.0,Critical,361.0,98.69,41.57,45.8,79.24,87.78,96.08,97.95,29.64,34.5,58.79
525,FATEHGARH SAHIB,PUNJAB,600163.0,11.46 %,871,79.35,101.0,5942.207920792079,Good,299.0,99.55,74.34,35.08,87.23,75.97,96.59,83.55,29.98,18.24,65.08
526,SIMDEGA,JHARKHAND,599578.0,16.58 %,997,67.99,170.0,3526.929411764706,Excellent,256.0,84.08,15.94,60.63,68.78,34.38,75.73,79.34,42.2,36.98,70.64
527,BARNALA,PUNJAB,595527.0,13.02 %,876,67.82,89.0,6691.314606741573,Good,309.0,99.8,73.48,20.69,78.75,63.79,96.7,68.45,33.77,16.54,55.24
528,NARMADA,GUJARAT,590297.0,14.75 %,961,72.31,225.0,2623.5422222222223,Excellent,216.0,92.69,31.28,51.07,67.29,83.42,81.65,82.84,47.18,52.82,75.91
529,PORBANDAR,GUJARAT,585449.0,9.06 %,950,75.78,82.0,7139.621951219512,Good,314.0,99.75,76.85,42.13,84.33,92.05,100.0,-82.85,18.15,25.52,47.6
530,CENTRAL DELHI,DELHI,582320.0,-9.91 %,892,85.14,0.0,582320.0,Critical,361.0,98.5,48.04,34.6,75.73,60.25,92.16,,32.31,29.12,56.94
531,SOLAN,HIMACHAL PRADESH,580320.0,15.93 %,880,83.68,242.0,2398.01652892562,Excellent,205.0,99.21,62.46,41.86,90.98,88.17,90.22,-92.64,32.32,26.65,47.51
532,JHARSUGUDA,ORISSA,579505.0,13.69 %,953,78.86,89.0,6511.29213483146,Good,309.0,98.13,41.78,37.74,81.01,94.06,98.58,-97.63,27.05,26.92,67.82
533,GAJAPATI,ORISSA,577817.0,11.37 %,1043,53.49,166.0,3480.8253012048194,Excellent,259.0,94.14,28.93,39.62,50.52,83.04,76.37,92.58,43.35,34.33,66.12
534,HARDA,MADHYA PRADESH,570465.0,20.25 %,935,72.5,95.0,6004.894736842105,Good,304.0,98.84,57.62,33.32,73.94,71.85,88.36,90.8,38.83,34.72,62.62
535,PERAMBALUR,TAMIL NADU,565223.0,14.50 %,1003,74.32,122.0,4632.975409836065,Excellent,290.0,99.07,75.13,75.53,82.98,92.19,100.0,-92.54,29.12,22.26,66.06
536,PANCHKULA,HARYANA,561293.0,19.83 %,873,81.88,75.0,7483.906666666667,Good,319.0,99.46,81.13,19.9,87.86,76.91,96.99,-85.12,21.76,19.26,57.06
537,PULWAMA,JAMMU AND KASHMIR,560440.0,27.00 %,912,63.48,147.0,3812.517006802721,Excellent,273.0,99.11,76.62,9.88,76.59,96.16,97.79,-88.75,22.38,20.22,73.15
538,UDHAMPUR,JAMMU AND KASHMIR,554985.0,20.78 %,870,68.49,171.0,3245.5263157894738,Excellent,255.0,99.92,55.08,16.83,77.33,69.82,87.23,85.75,37.28,31.93,56.46
539,KODAGU,KARNATAKA,554519.0,1.09 %,1019,82.61,236.0,2349.656779661017,Excellent,209.0,98.72,78.32,45.63,88.5,74.36,98.43,-90.56,30.41,22.59,39.85
540,DANTEWADA,CHHATTISGARH,533638.0,12.08 %,1020,42.12,94.0,5677.0,Good,305.0,95.9,34.56,82.2,50.32,68.2,90.45,77.6,45.61,45.84,76.01
541,KHUNTI,JHARKHAND,531885.0,22.32 %,997,63.86,119.0,4469.621848739495,Excellent,291.0,92.87,18.66,58.17,59.89,37.43,73.77,71.91,38.48,44.0,70.02
542,SIRMAUR,HIMACHAL PRADESH,529855.0,15.54 %,918,78.8,197.0,2689.6192893401017,Excellent,238.0,99.24,46.8,26.19,84.93,85.23,87.41,93.92,28.62,24.18,50.13
543,UNA,HIMACHAL PRADESH,521173.0,16.26 %,976,86.53,163.0,3197.38036809816,Excellent,262.0,98.5,46.2,22.56,92.52,71.66,89.65,-75.33,24.69,25.79,60.75
544,CHAMBA,HIMACHAL PRADESH,519080.0,12.63 %,986,72.17,228.0,2276.6666666666665,Excellent,215.0,99.09,34.96,26.79,84.09,62.71,72.04,-100,42.56,25.96,43.71
545,IMPHAL WEST,MANIPUR,517992.0,16.56 %,1031,86.08,67.0,7731.223880597015,Good,325.0,99.42,88.57,15.68,92.5,93.39,95.67,-74.1,15.58,10.17,26.8
546,PITHORAGARH,UTTARAKHAND,483439.0,4.58 %,1020,82.25,184.0,2627.385869565217,Excellent,247.0,99.64,45.91,72.84,89.1,58.71,84.89,96.02,25.64,20.63,25.53
547,CHIRANG,ASSAM,482162.0,11.34 %,969,63.55,96.0,5022.520833333333,Good,303.0,97.75,44.45,61.49,71.47,56.53,83.65,71.06,42.7,39.69,65.19
548,SENAPATI,MANIPUR,479148.0,68.94 %,937,63.6,83.0,5772.867469879519,Good,313.0,98.8,49.95,15.35,81.89,64.92,45.75,64.96,27.31,12.85,27.35
549,PUNCH,JAMMU AND KASHMIR,476835.0,27.97 %,893,66.74,0.0,476835.0,Critical,361.0,99.74,44.62,11.08,79.25,86.38,85.99,91.15,25.89,18.8,54.07
550,LOHARDAGA,JHARKHAND,461790.0,26.68 %,985,67.61,90.0,5131.0,Good,308.0,99.21,33.95,58.87,67.46,37.65,84.11,88.19,40.73,43.43,61.7
551,IMPHAL EAST,MANIPUR,456113.0,15.51 %,1017,81.95,65.0,7017.123076923077,Good,326.0,98.61,78.97,6.97,90.03,87.1,91.65,76.19,18.38,14.4,35.89
552,HAMIRPUR,HIMACHAL PRADESH,454768.0,10.19 %,1095,88.15,193.0,2356.310880829016,Excellent,240.0,99.66,44.73,32.03,94.84,59.43,97.6,-74.25,27.27,23.58,49.45
553,BAUDH,ORISSA,441162.0,18.16 %,991,71.61,85.0,5190.141176470588,Good,311.0,96.33,30.85,44.73,71.01,79.04,93.36,91.82,37.04,38.58,54.13
554,KULLU,HIMACHAL PRADESH,437903.0,14.76 %,942,79.4,126.0,3475.4206349206347,Excellent,287.0,99.17,64.97,26.77,87.36,59.99,86.95,80.18,35.94,25.58,52.82
555,KULGAM,JAMMU AND KASHMIR,424483.0,7.73 %,951,59.23,154.0,2756.383116883117,Excellent,268.0,99.84,40.31,4.23,70.88,92.19,98.87,98.08,28.38,15.32,76.96
556,THOUBAL,MANIPUR,422168.0,15.94 %,1002,74.47,70.0,6030.971428571429,Good,322.0,98.61,74.71,19.14,85.4,89.88,87.8,74.24,31.48,14.86,24.16
557,DODA,JAMMU AND KASHMIR,409936.0,28.00 %,919,64.68,140.0,2928.114285714286,Excellent,277.0,99.62,42.36,7.6,69.24,74.32,73.54,61.65,32.68,15.2,66.53
558,AIZAWL,MIZORAM,400309.0,22.92 %,1009,97.89,0.0,400309.0,Critical,361.0,99.67,95.38,37.46,98.86,68.51,97.44,66.39,25.34,9.64,31.68
559,JAINTIA HILLS,MEGHALAYA,395124.0,32.10 %,1013,61.64,0.0,395124.0,Critical,361.0,98.5,48.04,34.6,75.73,60.25,92.16,,32.31,29.12,56.94
560,BANDIPORA,JAMMU AND KASHMIR,392232.0,28.65 %,889,56.28,62.0,6326.322580645161,Good,328.0,98.5,48.04,34.6,75.73,60.25,92.16,,32.31,29.12,56.94
561,CHAMOLI,UTTARAKHAND,391605.0,5.74 %,1019,82.65,128.0,3059.4140625,Excellent,286.0,99.45,37.44,71.12,90.45,52.22,73.94,85.01,34.06,21.62,41.75
562,WEST KHASI HILLS,MEGHALAYA,383461.0,29.53 %,980,77.87,67.0,5723.298507462687,Good,325.0,84.99,8.61,60.12,87.37,64.0,41.74,62.52,58.99,31.06,51.8
563,BILASPUR,HIMACHAL PRADESH,381956.0,12.05 %,981,84.59,164.0,2329.0,Excellent,261.0,99.97,35.78,35.41,91.23,81.35,91.7,-100,40.06,38.77,52.99
564,DIMAPUR,NAGALAND,378811.0,127.29 %,919,84.79,55.0,6887.472727272727,Good,332.0,99.84,84.2,5.66,86.62,50.08,73.71,-55.86,28.27,29.84,34.74
565,DHALAI,TRIPURA,378230.0,22.85 %,944,85.72,151.0,2504.8344370860927,Excellent,270.0,97.73,33.95,44.2,71.63,52.02,87.26,73.72,45.74,27.62,69.99
566,DADRA AND NAGAR HAVELI,DADRA AND NAGAR HAVELI,343709.0,55.88 %,774,76.24,84.0,4091.7738095238096,Excellent,312.0,98.5,48.04,34.6,75.73,60.25,92.16,,32.31,29.12,56.94
567,UTTARKASHI,UTTARAKHAND,330086.0,11.89 %,958,75.81,98.0,3368.2244897959185,Excellent,301.0,99.56,32.56,80.29,81.23,66.81,85.87,81.78,34.08,23.52,60.94
568,SAMBA,JAMMU AND KASHMIR,318898.0,17.01 %,886,81.41,99.0,3221.191919191919,Excellent,300.0,99.81,73.01,19.02,84.83,96.2,97.85,90.85,24.52,15.48,62.35
569,EAST GARO HILLS,MEGHALAYA,317917.0,26.87 %,972,73.95,41.0,7754.073170731707,Good,340.0,97.38,29.09,71.85,86.67,25.52,73.82,72.4,39.73,26.54,50.85
570,REASI,JAMMU AND KASHMIR,314667.0,27.04 %,890,58.15,133.0,2365.9172932330825,Excellent,281.0,99.91,35.2,11.24,68.19,75.92,69.32,79.05,17.74,11.73,62.88
571,DEBAGARH,ORISSA,312520.0,14.01 %,975,72.57,0.0,312520.0,Critical,361.0,95.34,18.44,57.47,69.53,77.52,91.22,-100,28.39,34.3,72.23
572,GANDERBAL,JAMMU AND KASHMIR,297446.0,36.50 %,874,58.04,67.0,4439.492537313433,Excellent,325.0,99.52,84.44,8.3,63.99,80.38,97.97,81.17,18.49,20.13,77.24
573,RAMBAN,JAMMU AND KASHMIR,283713.0,31.99 %,902,54.27,117.0,2424.897435897436,Excellent,292.0,97.43,35.81,9.17,62.21,79.23,80.44,78.88,25.7,21.22,59.72
574,EAST SIKKIM,SIKKIM,283583.0,15.73 %,873,83.85,0.0,283583.0,Critical,361.0,98.5,48.04,34.6,75.73,60.25,92.16,,32.31,29.12,56.94
575,CHURACHANDPUR,MANIPUR,274143.0,20.29 %,975,82.78,82.0,3343.2073170731705,Excellent,314.0,93.97,62.32,18.15,84.19,61.31,72.94,64.87,25.07,9.79,31.97
576,KOHIMA,NAGALAND,267988.0,131.81 %,928,85.23,57.0,4701.543859649123,Excellent,331.0,99.49,61.68,26.72,95.23,28.31,66.88,-82.83,28.25,22.08,14.91
577,SHUPIYAN,JAMMU AND KASHMIR,266215.0,25.97 %,951,60.76,0.0,266215.0,Critical,361.0,99.92,66.11,8.37,80.81,86.78,98.33,-92.16,21.95,33.51,63.9
578,BAGESHWAR,UTTARAKHAND,259898.0,4.18 %,1090,80.01,98.0,2652.020408163265,Excellent,301.0,99.82,34.59,71.93,87.78,67.93,82.01,-86.88,23.57,11.87,27.76
579,CHAMPAWAT,UTTARAKHAND,259648.0,15.63 %,980,79.83,74.0,3508.7567567567567,Excellent,320.0,99.55,39.81,65.67,84.73,62.03,79.84,91.89,24.9,15.29,32.5
580,RI BHOI,MEGHALAYA,258840.0,34.26 %,953,75.67,42.0,6162.857142857143,Good,339.0,98.5,48.04,34.6,75.73,60.25,92.16,,32.31,29.12,56.94
581,BIJAPUR,CHHATTISGARH,255230.0,8.78 %,984,40.86,78.0,3272.1794871794878,Excellent,318.0,86.82,18.48,73.53,46.29,56.85,63.62,78.35,53.83,46.13,72.14
582,MON,NAGALAND,250260.0,80.36 %,899,56.99,68.0,3680.294117647059,Excellent,324.0,96.36,13.0,39.26,78.22,9.66,21.4,62.38,35.51,23.34,30.23
583,RUDRAPRAYAG,UTTARAKHAND,242285.0,6.53 %,1114,81.3,92.0,2633.532608695652,Excellent,306.0,99.46,35.07,76.64,87.17,76.51,86.62,91.44,25.15,10.88,40.55
584,SOUTH ANDAMAN,ANDAMAN AND NICOBAR ISLANDS,238142.0,14.23 %,871,89.13,46.0,5177.0,Good,337.0,99.58,91.92,1.15,86.67,85.94,99.46,-76.29,21.11,17.43,57.66
585,BISHNUPUR,MANIPUR,237399.0,13.93 %,999,75.85,43.0,5520.906976744186,Good,338.0,98.64,71.28,9.31,88.38,77.39,89.5,66.61,15.5,11.67,35.75
586,KISHTWAR,JAMMU AND KASHMIR,230696.0,20.88 %,920,56.2,113.0,2041.5575221238937,Excellent,293.0,88.82,50.6,16.37,71.28,76.4,91.59,-91.61,27.49,17.74,84.84
587,THE DANGS,GUJARAT,228291.0,22.26 %,1006,75.16,81.0,2818.4074074074074,Excellent,315.0,95.89,23.39,44.33,68.92,90.21,74.45,91.34,37.61,53.1,77.24
588,DIMA HASAO,ASSAM,214102.0,13.84 %,932,77.54,57.0,3756.1754385964914,Excellent,331.0,95.87,48.18,61.87,87.71,46.88,89.54,-63.61,30.59,21.69,60.49
589,KARAIKAL,PUDUCHERRY,200222.0,17.23 %,1047,87.05,31.0,6458.774193548387,Good,344.0,99.56,81.19,26.85,89.63,88.34,99.55,-88.94,25.49,19.73,54.44
590,TUENSANG,NAGALAND,196596.0,94.83 %,929,73.08,51.0,3854.823529411765,Excellent,334.0,96.55,19.68,21.99,77.77,4.36,34.84,39.94,37.12,34.19,28.77
591,MOKOKCHUNG,NAGALAND,194622.0,60.94 %,925,91.62,69.0,2820.608695652174,Excellent,323.0,97.68,46.2,22.3,94.04,18.21,51.48,-92.03,31.44,22.91,25.04
592,DAMAN,DAMAN AND DIU,191173.0,67.71 %,534,88.07,25.0,7646.92,Good,349.0,98.5,48.04,34.6,75.73,60.25,92.16,,32.31,29.12,56.94
593,UKHRUL,MANIPUR,183998.0,30.70 %,943,81.35,49.0,3755.061224489796,Excellent,335.0,94.95,22.86,17.03,86.89,38.81,44.58,39.36,27.14,15.97,21.92
594,PAPUMPARE,ARUNACHAL PRADESH,176573.0,44.73 %,980,79.95,0.0,176573.0,Critical,361.0,98.5,48.04,34.6,75.73,60.25,92.16,,32.31,29.12,56.94
595,WOKHA,NAGALAND,166343.0,98.81 %,968,87.69,47.0,3539.2127659574467,Excellent,336.0,99.7,41.23,20.6,91.63,34.7,43.59,-42.8,26.31,28.02,30.92
596,PHEK,NAGALAND,163418.0,111.84 %,951,78.05,68.0,2403.205882352941,Excellent,324.0,99.41,24.19,24.93,85.82,9.48,32.2,54.59,28.0,15.55,29.95
597,LUNGLEI,MIZORAM,161428.0,17.64 %,947,88.86,84.0,1921.7619047619048,Excellent,312.0,97.96,79.88,46.52,91.58,56.72,82.69,-73.84,26.46,11.06,34.85
598,CHANGLANG,ARUNACHAL PRADESH,148226.0,18.18 %,926,59.8,29.0,5111.241379310345,Good,346.0,95.15,34.08,40.54,77.6,46.94,75.05,70.93,26.3,25.03,57.21
599,SOUTH SIKKIM,SIKKIM,146850.0,11.65 %,915,81.42,0.0,146850.0,Critical,361.0,98.5,48.04,34.6,75.73,60.25,92.16,,32.31,29.12,56.94
600,LOHIT,ARUNACHAL PRADESH,145726.0,16.59 %,912,68.18,9.0,16191.777777777776,Average,357.0,98.91,63.88,31.88,73.43,39.61,90.24,-74.04,24.46,12.91,47.21
601,CHANDEL,MANIPUR,144182.0,21.85 %,933,71.11,32.0,4505.6875,Excellent,343.0,99.85,52.0,16.11,80.17,66.62,55.52,55.54,33.98,14.7,27.27
602,SOUTH GARO HILLS,MEGHALAYA,142334.0,40.95 %,945,71.72,30.0,4744.466666666666,Excellent,345.0,98.64,22.31,79.5,88.57,33.25,88.28,-86.83,29.83,20.78,56.24
603,NEW DELHI,DELHI,142004.0,-20.72 %,822,88.34,88.0,1613.6818181818182,Excellent,310.0,100.0,98.33,25.18,83.85,80.06,91.76,82.17,27.35,20.66,55.96
604,KARGIL,JAMMU AND KASHMIR,140802.0,18.02 %,810,71.34,138.0,1020.304347826087,Excellent,278.0,98.5,48.04,34.6,75.73,60.25,92.16,,32.31,29.12,56.94
605,ZUNHEBOTO,NAGALAND,140757.0,78.05 %,976,85.26,58.0,2426.844827586207,Excellent,330.0,99.39,18.58,18.06,87.13,11.21,34.98,-60.65,44.01,44.48,31.12
606,TAMENGLONG,MANIPUR,140651.0,26.15 %,943,70.05,38.0,3701.342105263158,Excellent,341.0,93.63,30.54,16.77,76.79,56.42,57.69,67.37,27.08,19.31,27.26
607,NARAYANPUR,CHHATTISGARH,139820.0,19.16 %,994,48.62,60.0,2330.333333333333,Excellent,329.0,90.05,19.52,83.09,53.84,59.1,74.16,81.67,43.73,39.49,71.97
608,WEST SIKKIM,SIKKIM,136435.0,10.69 %,942,77.39,0.0,136435.0,Critical,361.0,98.5,48.04,34.6,75.73,60.25,92.16,,32.31,29.12,56.94
609,LEH,JAMMU AND KASHMIR,133487.0,13.87 %,690,77.2,0.0,133487.0,Critical,361.0,98.5,48.04,34.6,75.73,60.25,92.16,,32.31,29.12,56.94
610,CHAMPHAI,MIZORAM,125745.0,16.01 %,984,95.91,73.0,1722.5342465753424,Excellent,321.0,100.0,79.44,64.92,97.73,63.43,96.67,-85.25,27.22,13.08,25.74
611,LAWNGTLAI,MIZORAM,117894.0,60.14 %,945,65.88,43.0,2741.720930232558,Excellent,338.0,88.98,56.26,31.29,75.99,33.01,53.68,70.2,32.72,16.91,48.52
612,WEST SIANG,ARUNACHAL PRADESH,112274.0,8.04 %,930,66.46,29.0,3871.5172413793102,Excellent,346.0,88.21,57.13,26.56,77.92,30.42,84.57,-55.4,24.49,16.23,30.54
613,TIRAP,ARUNACHAL PRADESH,111975.0,11.61 %,944,52.19,13.0,8613.461538461539,Good,355.0,98.77,50.42,30.84,75.09,35.68,70.24,66.33,38.62,16.03,31.99
614,NORTH AND MIDDLE ANDAMAN,ANDAMAN AND NICOBAR ISLANDS,105597.0,-0.02 %,925,83.91,52.0,2030.7115384615383,Excellent,333.0,98.5,48.04,34.6,75.73,60.25,92.16,,32.31,29.12,56.94
615,EAST SIANG,ARUNACHAL PRADESH,99214.0,13.52 %,980,72.54,31.0,3200.451612903226,Excellent,344.0,97.28,52.44,30.5,83.76,34.26,90.84,-48.81,24.62,10.27,35.2
616,PEREN,NAGALAND,95219.0,104.15 %,915,77.95,26.0,3662.269230769231,Excellent,348.0,98.2,31.37,5.4,77.59,14.54,43.47,63.3,34.88,20.72,29.72
617,KURUNG KUMEY,ARUNACHAL PRADESH,92076.0,116.56 %,1032,48.75,16.0,5754.75,Good,354.0,99.2,57.28,13.43,76.45,44.11,69.16,-71.41,29.2,13.85,34.79
618,MAMIT,MIZORAM,86364.0,37.56 %,927,84.93,41.0,2106.439024390244,Excellent,340.0,97.93,73.27,61.7,89.63,52.48,74.96,85.87,26.41,13.93,34.89
619,KINNAUR,HIMACHAL PRADESH,84121.0,7.39 %,819,80.0,62.0,1356.7903225806451,Excellent,328.0,99.58,70.38,35.91,89.11,75.32,82.72,-91.73,32.16,18.92,51.72
620,KOLASIB,MIZORAM,83955.0,27.28 %,956,93.5,33.0,2544.090909090909,Excellent,342.0,99.14,87.5,61.05,96.86,65.98,91.36,80.35,30.4,12.62,37.66
621,WEST KAMENG,ARUNACHAL PRADESH,83947.0,12.53 %,819,67.07,28.0,2998.1071428571427,Excellent,347.0,97.5,88.93,38.29,73.69,27.59,93.57,-56.19,24.23,13.44,37.36
622,UPPER SUBANSIRI,ARUNACHAL PRADESH,83448.0,50.78 %,998,63.8,28.0,2980.285714285714,Excellent,347.0,86.96,32.77,21.49,64.31,32.11,76.95,68.45,36.79,19.18,36.69
623,LOWER SUBANSIRI,ARUNACHAL PRADESH,83030.0,49.00 %,984,74.35,21.0,3953.809523809524,Excellent,351.0,97.83,60.81,24.45,76.8,39.08,89.77,-66.45,30.69,8.06,40.46
624,EAST KAMENG,ARUNACHAL PRADESH,78690.0,37.62 %,1029,60.02,31.0,2538.3870967741937,Excellent,344.0,86.28,49.47,25.05,62.16,29.12,75.96,60.83,35.67,14.24,26.21
625,KIPHIRE,NAGALAND,74004.0,38.58 %,956,69.54,25.0,2960.16,Excellent,349.0,97.91,16.44,8.76,73.69,5.77,34.77,42.84,36.87,25.03,31.39
626,SERCHHIP,MIZORAM,64937.0,20.56 %,977,97.91,33.0,1967.7878787878788,Excellent,342.0,99.31,81.78,58.83,99.72,60.25,96.18,84.67,31.77,14.39,32.12
627,LAKSHADWEEP,LAKSHADWEEP,64473.0,6.30 %,946,91.85,20.0,3223.65,Excellent,352.0,99.78,59.43,60.11,96.5,88.31,99.61,-86.14,32.02,25.78,25.8
628,SAIHA,MIZORAM,56574.0,-7.34 %,979,90.01,29.0,1950.8275862068965,Excellent,346.0,98.5,48.04,34.6,75.73,60.25,92.16,,32.31,29.12,56.94
629,YANAM,PUDUCHERRY,55626.0,77.19 %,1038,79.47,5.0,11125.2,Average,360.0,99.84,98.55,29.18,83.32,79.84,100.0,-79.71,24.96,18.65,43.06
630,LOWER DIBANG VALLEY,ARUNACHAL PRADESH,54080.0,7.20 %,928,69.13,21.0,2575.2380952380954,Excellent,351.0,84.39,57.38,36.79,81.56,48.62,90.12,73.8,14.26,9.65,34.6
631,DIU,DAMAN AND DIU,52074.0,17.77 %,1031,83.46,9.0,5786.0,Good,357.0,98.5,48.04,34.6,75.73,60.25,92.16,,32.31,29.12,56.94
632,LONGLENG,NAGALAND,50484.0,-21.57 %,905,72.17,10.0,5048.4,Good,356.0,99.08,11.81,38.27,82.0,15.39,38.68,53.02,34.06,25.74,34.57
633,TAWANG,ARUNACHAL PRADESH,49977.0,28.40 %,714,59.0,17.0,2939.823529411765,Excellent,353.0,99.72,88.1,33.5,59.08,37.61,84.18,67.53,30.37,9.04,59.07
634,NORTH SIKKIM,SIKKIM,43709.0,6.53 %,767,78.01,0.0,43709.0,Poor,361.0,98.5,48.04,34.6,75.73,60.25,92.16,,32.31,29.12,56.94
635,MAHE,PUDUCHERRY,41816.0,13.54 %,1184,97.87,7.0,5973.714285714285,Good,358.0,99.71,90.88,23.64,99.69,85.0,100.0,-95.27,48.18,32.62,38.39
636,NICOBARS,ANDAMAN AND NICOBAR ISLANDS,36842.0,-12.42 %,777,78.06,0.0,36842.0,Poor,361.0,97.9,56.93,2.65,87.54,71.65,97.81,-64.21,21.59,24.6,38.3
637,UPPER SIANG,ARUNACHAL PRADESH,35320.0,5.87 %,889,59.99,20.0,1766.0,Excellent,352.0,99.46,36.32,34.6,74.37,34.01,75.98,-61.42,30.37,12.0,29.17
638,LAHUL AND SPITI,HIMACHAL PRADESH,31564.0,-5.00 %,903,76.81,0.0,31564.0,Poor,361.0,98.5,48.04,34.6,75.73,60.25,92.16,,32.31,29.12,56.94
639,ANJAW,ARUNACHAL PRADESH,21167.0,14.19 %,839,56.46,17.0,1245.1176470588234,Excellent,353.0,96.39,29.01,17.47,67.89,32.32,77.95,-92.99,23.56,16.01,35.86
640,DIBANG VALLEY,ARUNACHAL PRADESH,8004.0,10.07 %,813,64.1,6.0,1334.0,Excellent,359.0,79.23,49.26,28.69,77.83,40.38,85.52,-90.71,16.88,15.95,62.87
